Date,Close_ADANIENT.BO,Close_ADANIPOWER.NS,Close_ASIANPAINT.BO,Close_BAJAJFINSV.BO,Close_BAJFINANCE.NS,Close_BRITANNIA.NS,Close_CIPLA.NS,Close_DRREDDY.NS,Close_EICHERMOT.BO,Close_HDFCBANK.BO,Close_HDFCLIFE.BO,Close_HINDUNILVR.NS,Close_INDUSINDBK.NS,Close_IOC.BO,Close_KOTAKBANK.NS,Close_NESTLEIND.BO,Close_NTPC.NS,Close_RELIANCE.NS,Close_^NSEBANK,Close_^NSEI
2021-03-08,0.0,78.050003,0.0,9832.5,5320.649902,0.0,0.0,0.0,2585.050049,1519.400024,724.0,2174.550049,0.0,103.550003,0.0,16851.349609,110.550003,0.0,0.0,14956.200195
2021-03-09,0.0,81.849998,0.0,9969.299805,5415.049805,0.0,0.0,0.0,2591.949951,1562.650024,739.799988,2198.5,0.0,100.5,0.0,16899.349609,109.5,0.0,0.0,15098.400391
2021-03-10,0.0,77.800003,0.0,9992.75,5545.049805,0.0,0.0,0.0,2671.699951,1555.800049,731.299988,2227.850098,0.0,98.900002,0.0,16936.699219,109.650002,0.0,0.0,15174.799805
2021-03-12,0.0,75.550003,0.0,9949.349609,5557.850098,0.0,0.0,0.0,2638.949951,1551.650024,710.799988,2204.75,0.0,101.25,0.0,16766.199219,109.099998,0.0,0.0,15030.950195
2021-03-15,0.0,79.300003,0.0,9683.150391,5439.049805,0.0,0.0,0.0,2670.649902,1529.150024,704.049988,2210.850098,0.0,101.050003,0.0,16831.25,110.5,0.0,0.0,14929.5
2021-03-16,0.0,83.099998,0.0,9608.950195,5455.950195,0.0,0.0,0.0,2660.899902,1512.800049,703.150024,2244.050049,0.0,100.5,0.0,16749.25,109.550003,0.0,0.0,14910.450195
2021-03-17,0.0,87.199997,0.0,9544.849609,5359.799805,0.0,0.0,0.0,2646.649902,1495.650024,689.200012,2226.300049,0.0,98.199997,0.0,16458.099609,106.550003,0.0,0.0,14721.299805
2021-03-18,0.0,89.25,0.0,9429.549805,5371.850098,0.0,0.0,0.0,2664.350098,1490.349976,680.549988,2215.199951,0.0,97.300003,0.0,16202.700195,103.800003,0.0,0.0,14557.849609
2021-03-19,0.0,92.199997,0.0,9442.799805,5453.25,0.0,0.0,0.0,2663.25,1497.099976,688.450012,2312.050049,0.0,98.75,0.0,16444.349609,108.5,0.0,0.0,14744.0
2021-03-22,0.0,96.800003,0.0,9408.700195,5389.350098,0.0,0.0,0.0,2678.550049,1469.300049,680.400024,2353.199951,0.0,99.199997,0.0,16594.25,109.849998,0.0,0.0,14736.400391
2021-03-23,0.0,101.599998,0.0,9399.900391,5378.799805,0.0,0.0,0.0,2701.699951,1500.349976,683.700012,2337.300049,0.0,96.75,0.0,16693.599609,108.650002,0.0,0.0,14814.75
2021-03-24,0.0,104.349998,0.0,9197.700195,5270.299805,0.0,0.0,0.0,2657.699951,1479.949951,676.950012,2318.600098,0.0,94.599998,0.0,16452.599609,106.0,0.0,0.0,14549.400391
2021-03-25,0.0,99.150002,0.0,9059.950195,5122.200195,0.0,0.0,0.0,2580.600098,1464.650024,667.849976,2237.050049,0.0,90.900002,0.0,16173.849609,103.0,0.0,0.0,14324.900391
2021-03-26,0.0,94.199997,0.0,9466.650391,5183.049805,0.0,0.0,0.0,2559.850098,1492.199951,671.599976,2317.899902,0.0,90.900002,0.0,16568.300781,104.199997,0.0,0.0,14507.299805
2021-03-30,0.0,89.5,0.0,9496.950195,5193.549805,0.0,0.0,0.0,2639.100098,1553.550049,687.700012,2398.75,0.0,91.550003,0.0,17114.050781,107.699997,0.0,0.0,14845.099609
2021-03-31,0.0,85.050003,0.0,9667.799805,5149.850098,0.0,0.0,0.0,2603.75,1493.550049,695.75,2431.5,0.0,91.800003,0.0,17170.25,106.550003,0.0,0.0,14690.700195
2021-04-01,0.0,89.300003,0.0,9790.200195,5272.149902,0.0,0.0,0.0,2630.550049,1486.5,690.799988,2399.100098,0.0,93.150002,0.0,17102.150391,107.900002,0.0,0.0,14867.349609
2021-04-05,0.0,93.75,0.0,9488.900391,4962.5,0.0,0.0,0.0,2517.75,1449.0,682.0,2373.199951,0.0,90.699997,0.0,16909.199219,106.300003,0.0,0.0,14637.799805
2021-04-06,0.0,98.400002,0.0,9520.599609,4993.100098,0.0,0.0,0.0,2488.100098,1440.949951,697.25,2408.300049,0.0,91.150002,0.0,17078.300781,106.050003,0.0,0.0,14683.5
2021-04-07,0.0,99.949997,0.0,9539.299805,5077.100098,0.0,0.0,0.0,2538.550049,1447.349976,699.900024,2405.25,0.0,92.699997,0.0,17420.650391,105.449997,0.0,0.0,14819.049805
2021-04-08,0.0,97.400002,0.0,9655.599609,5029.5,0.0,0.0,0.0,2553.300049,1433.550049,701.25,2409.899902,0.0,92.900002,0.0,17667.900391,105.0,0.0,0.0,14873.799805
2021-04-09,0.0,97.650002,0.0,9629.950195,4872.299805,0.0,0.0,0.0,2521.149902,1421.650024,695.549988,2476.0,0.0,91.599998,0.0,17580.599609,102.800003,0.0,0.0,14834.849609
2021-04-12,0.0,92.800003,0.0,9162.150391,4511.0,0.0,0.0,0.0,2427.300049,1366.599976,687.049988,2462.0,0.0,87.050003,0.0,17495.699219,99.050003,0.0,0.0,14310.799805
2021-04-13,0.0,90.599998,0.0,9809.950195,4728.75,0.0,0.0,0.0,2494.550049,1400.300049,705.900024,2454.399902,0.0,88.800003,0.0,17162.150391,100.599998,0.0,0.0,14504.799805
2021-04-15,0.0,90.75,0.0,9747.75,4660.299805,0.0,0.0,0.0,2411.649902,1430.150024,694.099976,2460.649902,0.0,90.199997,0.0,16871.900391,101.349998,0.0,0.0,14581.450195
2021-04-16,0.0,91.75,0.0,9822.400391,4616.600098,0.0,0.0,0.0,2434.300049,1428.449951,690.950012,2458.899902,0.0,90.150002,0.0,17238.099609,102.449997,0.0,0.0,14617.849609
2021-04-19,0.0,87.449997,0.0,9470.950195,4479.600098,0.0,0.0,0.0,2371.699951,1411.900024,666.150024,2436.649902,0.0,88.099998,0.0,17081.25,99.050003,0.0,0.0,14359.450195
2021-04-20,0.0,87.150002,0.0,9821.049805,4613.649902,0.0,0.0,0.0,2341.050049,1390.75,685.349976,2397.449951,0.0,87.849998,0.0,17086.25,99.050003,0.0,0.0,14296.400391
2021-04-22,0.0,87.199997,0.0,9855.099609,4688.700195,0.0,0.0,0.0,2337.800049,1422.050049,678.900024,2349.399902,0.0,87.800003,0.0,16778.650391,98.949997,0.0,0.0,14406.150391
2021-04-23,0.0,87.800003,0.0,9919.049805,4667.799805,0.0,0.0,0.0,2319.449951,1414.300049,687.450012,2307.75,0.0,88.050003,0.0,16624.449219,102.550003,0.0,0.0,14341.349609
2021-04-26,0.0,87.75,0.0,9998.549805,4736.549805,0.0,0.0,0.0,2371.649902,1404.900024,704.75,2360.649902,0.0,88.25,0.0,16866.449219,102.400002,0.0,0.0,14485.0
2021-04-27,0.0,90.0,0.0,10085.700195,4865.049805,0.0,0.0,0.0,2400.800049,1438.5,678.599976,2379.850098,0.0,88.900002,0.0,16783.199219,102.050003,0.0,0.0,14653.049805
2021-04-28,0.0,94.5,0.0,10491.650391,5280.899902,0.0,0.0,0.0,2520.300049,1476.300049,672.900024,2406.550049,0.0,89.349998,0.0,16622.0,103.599998,0.0,0.0,14864.549805
2021-04-29,0.0,97.0,0.0,11184.599609,5484.850098,0.0,0.0,0.0,2463.399902,1472.400024,674.549988,2407.600098,0.0,88.75,0.0,16506.949219,103.050003,0.0,0.0,14894.900391
2021-04-30,0.0,94.75,0.0,11039.5,5451.899902,0.0,0.0,0.0,2421.050049,1412.199951,665.200012,2353.75,0.0,90.849998,0.0,16311.099609,102.449997,0.0,0.0,14631.099609
2021-05-03,0.0,95.550003,0.0,11047.799805,5551.149902,0.0,0.0,0.0,2395.899902,1413.099976,672.0,2408.0,0.0,91.550003,0.0,16500.699219,104.25,0.0,0.0,14634.150391
2021-05-04,0.0,95.699997,0.0,10988.900391,5615.75,0.0,0.0,0.0,2367.850098,1388.550049,667.950012,2407.649902,0.0,91.349998,0.0,16538.099609,103.75,0.0,0.0,14496.5
2021-05-05,0.0,97.050003,0.0,11108.799805,5515.149902,0.0,0.0,0.0,2371.449951,1402.449951,674.049988,2394.649902,0.0,92.199997,0.0,16550.199219,103.900002,0.0,0.0,14617.849609
2021-05-06,0.0,96.849998,0.0,11030.0,5528.799805,0.0,0.0,0.0,2440.699951,1401.449951,671.599976,2390.0,0.0,92.650002,0.0,16727.0,103.050003,0.0,0.0,14724.799805
2021-05-07,0.0,97.050003,0.0,11315.599609,5493.799805,0.0,0.0,0.0,2416.949951,1414.599976,673.25,2411.199951,0.0,94.699997,0.0,16753.550781,105.050003,0.0,0.0,14823.150391
2021-05-10,0.0,98.5,0.0,11337.900391,5497.5,0.0,0.0,0.0,2446.649902,1419.300049,680.0,2432.899902,0.0,99.050003,0.0,16763.599609,107.699997,0.0,0.0,14942.349609
2021-05-11,0.0,99.0,0.0,11196.400391,5424.700195,0.0,0.0,0.0,2469.649902,1403.699951,671.549988,2402.100098,0.0,103.699997,0.0,16870.949219,112.699997,0.0,0.0,14850.75
2021-05-12,0.0,97.449997,0.0,11086.450195,5358.399902,0.0,0.0,0.0,2456.5,1399.5,668.75,2328.949951,0.0,102.75,0.0,16713.75,113.300003,0.0,0.0,14696.5
2021-05-14,0.0,95.800003,0.0,10968.099609,5330.350098,0.0,0.0,0.0,2414.75,1387.150024,670.75,2376.850098,0.0,100.900002,0.0,17217.550781,111.400002,0.0,0.0,14677.799805
2021-05-17,0.0,97.050003,0.0,11247.549805,5430.100098,0.0,0.0,0.0,2483.399902,1439.949951,666.349976,2376.25,0.0,102.0,0.0,17037.0,111.550003,0.0,0.0,14923.150391
2021-05-18,0.0,101.900002,0.0,11407.950195,5688.75,0.0,0.0,0.0,2570.550049,1477.0,667.049988,2374.25,0.0,105.550003,0.0,17173.849609,112.099998,0.0,0.0,15108.099609
2021-05-19,0.0,102.400002,0.0,11205.900391,5631.200195,0.0,0.0,0.0,2565.050049,1457.949951,666.25,2359.75,0.0,107.199997,0.0,17444.25,111.949997,0.0,0.0,15030.150391
2021-05-20,0.0,100.099998,0.0,11225.450195,5588.75,0.0,0.0,0.0,2530.0,1432.849976,667.599976,2344.149902,0.0,104.699997,0.0,17277.099609,111.75,0.0,0.0,14906.049805
2021-05-21,0.0,101.099998,0.0,11269.75,5631.75,0.0,0.0,0.0,2521.949951,1497.0,670.650024,2362.25,0.0,104.300003,0.0,17491.949219,112.849998,0.0,0.0,15175.299805
2021-05-24,0.0,101.050003,0.0,11161.950195,5602.899902,0.0,0.0,0.0,2550.5,1509.25,670.400024,2336.550049,0.0,109.5,0.0,17375.75,112.900002,0.0,0.0,15197.700195
2021-05-25,0.0,100.400002,0.0,11371.099609,5618.649902,0.0,0.0,0.0,2623.149902,1478.800049,659.099976,2344.050049,0.0,110.300003,0.0,17529.0,113.300003,0.0,0.0,15208.450195
2021-05-26,0.0,99.25,0.0,11907.75,5771.149902,0.0,0.0,0.0,2632.0,1476.5,658.549988,2354.0,0.0,112.050003,0.0,17526.800781,111.099998,0.0,0.0,15301.450195
2021-05-27,0.0,95.150002,0.0,11883.650391,5682.200195,0.0,0.0,0.0,2605.300049,1479.400024,664.25,2326.399902,0.0,110.199997,0.0,17772.550781,110.300003,0.0,0.0,15337.849609
2021-05-28,0.0,91.949997,0.0,11712.549805,5610.75,0.0,0.0,0.0,2638.050049,1501.150024,668.650024,2321.699951,0.0,109.800003,0.0,17507.599609,108.949997,0.0,0.0,15435.650391
2021-05-31,0.0,92.5,0.0,11796.799805,5627.950195,0.0,0.0,0.0,2676.550049,1516.400024,666.400024,2340.050049,0.0,109.25,0.0,17692.699219,110.5,0.0,0.0,15582.799805
2021-06-01,0.0,95.349998,0.0,11832.25,5784.799805,0.0,0.0,0.0,2665.600098,1511.449951,665.450012,2358.300049,0.0,109.849998,0.0,17765.5,110.199997,0.0,0.0,15574.849609
2021-06-02,0.0,96.400002,0.0,11819.549805,5808.649902,0.0,0.0,0.0,2677.399902,1504.099976,675.849976,2358.800049,0.0,110.800003,0.0,17645.849609,111.150002,0.0,0.0,15576.200195
2021-06-03,0.0,100.75,0.0,11820.549805,5901.5,0.0,0.0,0.0,2768.149902,1520.199951,678.599976,2363.25,0.0,112.449997,0.0,17795.699219,111.800003,0.0,0.0,15690.349609
2021-06-04,0.0,105.75,0.0,12152.400391,5993.450195,0.0,0.0,0.0,2742.350098,1501.150024,680.799988,2342.050049,0.0,114.599998,0.0,17445.150391,111.75,0.0,0.0,15670.25
2021-06-07,0.0,126.900002,0.0,11828.5,5729.75,0.0,0.0,0.0,2755.199951,1499.199951,680.5,2339.300049,0.0,114.650002,0.0,17532.199219,116.400002,0.0,0.0,15751.650391
2021-06-08,0.0,151.75,0.0,11730.849609,5755.399902,0.0,0.0,0.0,2762.899902,1484.0,689.549988,2359.0,0.0,116.699997,0.0,17487.650391,116.199997,0.0,0.0,15740.099609
2021-06-09,0.0,152.350006,0.0,11558.650391,5674.5,0.0,0.0,0.0,2728.0,1479.75,684.650024,2356.0,0.0,114.900002,0.0,17562.25,118.099998,0.0,0.0,15635.349609
2021-06-10,0.0,154.100006,0.0,11991.599609,6086.399902,0.0,0.0,0.0,2702.75,1481.550049,689.450012,2378.800049,0.0,115.949997,0.0,17547.099609,118.5,0.0,0.0,15737.75
2021-06-11,0.0,148.300003,0.0,11898.450195,6120.0,0.0,0.0,0.0,2746.100098,1486.199951,682.599976,2366.5,0.0,115.099998,0.0,17543.050781,118.800003,0.0,0.0,15799.349609
2021-06-14,0.0,140.899994,0.0,11931.799805,6194.149902,0.0,0.0,0.0,2743.899902,1479.400024,681.349976,2364.600098,0.0,114.75,0.0,17575.150391,118.199997,0.0,0.0,15811.849609
2021-06-15,0.0,133.899994,0.0,11799.049805,6161.149902,0.0,0.0,0.0,2763.199951,1490.099976,692.700012,2391.949951,0.0,115.699997,0.0,17679.5,117.800003,0.0,0.0,15869.25
2021-06-16,0.0,127.25,0.0,11852.900391,6081.600098,0.0,0.0,0.0,2740.600098,1484.150024,691.950012,2407.899902,0.0,115.900002,0.0,17972.449219,119.800003,0.0,0.0,15767.549805
2021-06-17,0.0,120.900002,0.0,11818.049805,6050.25,0.0,0.0,0.0,2676.149902,1465.949951,700.099976,2417.699951,0.0,114.599998,0.0,18053.5,117.400002,0.0,0.0,15691.400391
2021-06-18,0.0,114.900002,0.0,11998.0,6087.049805,0.0,0.0,0.0,2707.050049,1479.849976,709.200012,2482.899902,0.0,112.300003,0.0,17678.300781,113.550003,0.0,0.0,15683.349609
2021-06-21,0.0,120.599998,0.0,12161.700195,6116.0,0.0,0.0,0.0,2697.850098,1488.5,718.349976,2514.350098,0.0,112.550003,0.0,17642.5,118.0,0.0,0.0,15746.5
2021-06-22,0.0,126.599998,0.0,12133.049805,6016.799805,0.0,0.0,0.0,2718.550049,1484.349976,716.549988,2490.25,0.0,113.800003,0.0,17451.199219,118.300003,0.0,0.0,15772.75
2021-06-23,0.0,125.949997,0.0,12280.799805,6015.600098,0.0,0.0,0.0,2727.449951,1485.150024,717.549988,2480.5,0.0,112.849998,0.0,17406.050781,117.25,0.0,0.0,15686.950195
2021-06-24,0.0,119.699997,0.0,12297.349609,6043.600098,0.0,0.0,0.0,2706.100098,1506.25,717.75,2490.149902,0.0,111.449997,0.0,17596.400391,118.0,0.0,0.0,15790.450195
2021-06-25,0.0,116.75,0.0,12488.75,6075.799805,0.0,0.0,0.0,2721.0,1514.150024,725.549988,2448.649902,0.0,111.400002,0.0,17501.5,116.050003,0.0,0.0,15860.349609
2021-06-28,0.0,118.199997,0.0,12380.200195,6037.049805,0.0,0.0,0.0,2739.550049,1508.099976,696.0,2460.199951,0.0,110.800003,0.0,17508.099609,116.150002,0.0,0.0,15814.700195
2021-06-29,0.0,116.300003,0.0,12300.25,6052.399902,0.0,0.0,0.0,2704.449951,1501.599976,686.349976,2492.550049,0.0,108.150002,0.0,17578.699219,117.599998,0.0,0.0,15748.450195
2021-06-30,0.0,113.449997,0.0,12116.599609,6015.850098,0.0,0.0,0.0,2670.100098,1498.050049,686.400024,2471.300049,0.0,107.949997,0.0,17676.75,116.400002,0.0,0.0,15721.5
2021-07-01,0.0,107.800003,0.0,11813.099609,5967.149902,0.0,0.0,0.0,2674.100098,1486.449951,685.799988,2478.0,0.0,107.599998,0.0,17641.599609,117.349998,0.0,0.0,15680.0
2021-07-02,0.0,109.400002,0.0,11748.349609,5997.75,0.0,0.0,0.0,2661.300049,1480.650024,687.049988,2487.300049,0.0,108.5,0.0,17602.75,117.5,0.0,0.0,15722.200195
2021-07-05,0.0,106.800003,0.0,11924.650391,6072.700195,0.0,0.0,0.0,2701.550049,1495.0,678.299988,2499.050049,0.0,108.75,0.0,17634.550781,118.599998,0.0,0.0,15834.349609
2021-07-06,0.0,111.900002,0.0,12094.450195,6202.399902,0.0,0.0,0.0,2711.600098,1534.349976,679.900024,2472.5,0.0,108.400002,0.0,17489.650391,117.650002,0.0,0.0,15818.25
2021-07-07,0.0,109.800003,0.0,12369.75,6198.600098,0.0,0.0,0.0,2710.600098,1539.150024,685.0,2481.649902,0.0,107.900002,0.0,17714.800781,117.449997,0.0,0.0,15879.650391
2021-07-08,0.0,108.75,0.0,12331.150391,6117.799805,0.0,0.0,0.0,2730.899902,1520.099976,681.25,2447.550049,0.0,107.5,0.0,17618.800781,117.449997,0.0,0.0,15727.900391
2021-07-09,0.0,109.550003,0.0,12851.650391,6136.149902,0.0,0.0,0.0,2711.899902,1501.800049,683.25,2451.449951,0.0,107.349998,0.0,17640.75,117.800003,0.0,0.0,15689.799805
2021-07-12,0.0,108.199997,0.0,12908.200195,6149.549805,0.0,0.0,0.0,2709.350098,1487.300049,682.700012,2444.149902,0.0,107.25,0.0,17645.349609,117.849998,0.0,0.0,15692.599609
2021-07-13,0.0,106.75,0.0,12911.200195,6154.299805,0.0,0.0,0.0,2706.199951,1501.5,693.450012,2436.699951,0.0,107.800003,0.0,17673.800781,119.900002,0.0,0.0,15812.349609
2021-07-14,0.0,105.050003,0.0,12988.799805,6133.899902,0.0,0.0,0.0,2699.550049,1498.349976,688.400024,2414.850098,0.0,107.099998,0.0,17535.550781,120.75,0.0,0.0,15853.950195
2021-07-15,0.0,104.099998,0.0,12955.650391,6129.700195,0.0,0.0,0.0,2666.399902,1520.5,693.799988,2412.350098,0.0,106.300003,0.0,17618.800781,120.300003,0.0,0.0,15924.200195
2021-07-16,0.0,105.650002,0.0,12751.650391,6125.450195,0.0,0.0,0.0,2616.25,1521.699951,697.950012,2417.399902,0.0,106.150002,0.0,17650.099609,119.099998,0.0,0.0,15923.400391
2021-07-19,0.0,102.150002,0.0,12712.299805,6015.399902,0.0,0.0,0.0,2580.949951,1470.949951,678.599976,2408.649902,0.0,105.949997,0.0,17749.199219,121.400002,0.0,0.0,15752.400391
2021-07-20,0.0,97.050003,0.0,12591.400391,5941.850098,0.0,0.0,0.0,2554.899902,1443.0,663.599976,2434.899902,0.0,105.5,0.0,17829.400391,118.449997,0.0,0.0,15632.099609
2021-07-22,0.0,101.800003,0.0,13065.349609,6195.549805,0.0,0.0,0.0,2559.649902,1449.099976,662.25,2378.149902,0.0,106.699997,0.0,17995.199219,119.199997,0.0,0.0,15824.049805
2021-07-23,0.0,100.449997,0.0,13200.599609,6180.899902,0.0,0.0,0.0,2548.5,1442.849976,665.450012,2358.100098,0.0,105.949997,0.0,18122.849609,118.5,0.0,0.0,15856.049805
2021-07-26,0.0,97.949997,0.0,13525.349609,6162.450195,0.0,0.0,0.0,2563.350098,1434.449951,663.099976,2348.699951,0.0,104.650002,0.0,18077.550781,119.349998,0.0,0.0,15824.450195
2021-07-27,0.0,94.75,0.0,13801.200195,6231.450195,0.0,0.0,0.0,2570.550049,1439.800049,668.849976,2342.399902,0.0,103.900002,0.0,18238.449219,118.849998,0.0,0.0,15746.450195
2021-07-28,0.0,97.050003,0.0,13965.25,6262.0,0.0,0.0,0.0,2549.949951,1417.599976,664.799988,2361.399902,0.0,104.0,0.0,18012.599609,116.800003,0.0,0.0,15709.400391
2021-07-29,0.0,95.400002,0.0,14590.450195,6400.100098,0.0,0.0,0.0,2528.75,1417.5,662.549988,2334.75,0.0,103.900002,0.0,17909.900391,116.75,0.0,0.0,15778.450195
2021-07-30,0.0,95.849998,0.0,14221.299805,6228.100098,0.0,0.0,0.0,2531.5,1425.800049,665.099976,2333.300049,0.0,103.199997,0.0,17725.0,118.199997,0.0,0.0,15763.049805
2021-08-02,0.0,92.849998,0.0,14124.75,6200.5,0.0,0.0,0.0,2602.350098,1422.75,670.25,2332.800049,0.0,105.5,0.0,17709.050781,117.75,0.0,0.0,15885.150391
2021-08-03,0.0,91.849998,0.0,14281.799805,6331.899902,0.0,0.0,0.0,2648.399902,1434.449951,673.849976,2386.850098,0.0,106.150002,0.0,18287.800781,117.650002,0.0,0.0,16130.75
2021-08-04,0.0,90.25,0.0,14186.5,6359.149902,0.0,0.0,0.0,2643.0,1464.849976,675.25,2377.100098,0.0,105.300003,0.0,18050.800781,117.849998,0.0,0.0,16258.799805
2021-08-05,0.0,88.150002,0.0,13994.150391,6248.25,0.0,0.0,0.0,2732.350098,1485.650024,670.150024,2357.699951,0.0,103.949997,0.0,18214.25,116.5,0.0,0.0,16294.599609
2021-08-06,0.0,92.550003,0.0,14004.25,6224.299805,0.0,0.0,0.0,2747.350098,1493.699951,673.299988,2371.5,0.0,105.900002,0.0,18095.050781,117.650002,0.0,0.0,16238.200195
2021-08-09,0.0,90.349998,0.0,14240.799805,6193.149902,0.0,0.0,0.0,2726.300049,1503.650024,667.349976,2384.5,0.0,104.449997,0.0,18196.849609,116.699997,0.0,0.0,16258.25
2021-08-10,0.0,85.849998,0.0,14035.25,6170.100098,0.0,0.0,0.0,2735.199951,1507.449951,670.299988,2381.800049,0.0,102.300003,0.0,18277.900391,114.349998,0.0,0.0,16280.099609
2021-08-11,0.0,83.400002,0.0,14206.450195,6167.799805,0.0,0.0,0.0,2717.100098,1494.949951,666.549988,2390.449951,0.0,104.550003,0.0,18164.150391,116.949997,0.0,0.0,16282.25
2021-08-12,0.0,85.0,0.0,14339.650391,6199.5,0.0,0.0,0.0,2615.449951,1501.400024,674.900024,2392.300049,0.0,104.099998,0.0,18136.550781,119.150002,0.0,0.0,16364.400391
2021-08-13,0.0,84.949997,0.0,14302.349609,6156.549805,0.0,0.0,0.0,2546.75,1525.099976,671.0,2404.5,0.0,104.599998,0.0,18268.300781,118.25,0.0,0.0,16529.099609
2021-08-16,0.0,83.050003,0.0,14544.650391,6377.149902,0.0,0.0,0.0,2498.300049,1529.349976,673.400024,2426.399902,0.0,107.150002,0.0,18297.0,118.849998,0.0,0.0,16563.050781
2021-08-17,0.0,79.949997,0.0,14748.25,6410.100098,0.0,0.0,0.0,2516.050049,1514.849976,669.400024,2483.800049,0.0,105.699997,0.0,18729.949219,117.400002,0.0,0.0,16614.599609
2021-08-18,0.0,77.300003,0.0,15011.0,6544.100098,0.0,0.0,0.0,2590.5,1512.900024,671.349976,2486.050049,0.0,106.099998,0.0,18910.0,116.550003,0.0,0.0,16568.849609
2021-08-20,0.0,77.449997,0.0,14971.75,6661.100098,0.0,0.0,0.0,2600.300049,1514.349976,667.400024,2619.399902,0.0,103.550003,0.0,19552.800781,114.150002,0.0,0.0,16450.5
2021-08-23,0.0,73.599998,0.0,15268.200195,6752.200195,0.0,0.0,0.0,2543.600098,1523.5,668.549988,2634.149902,0.0,103.0,0.0,20016.5,113.400002,0.0,0.0,16496.449219
2021-08-24,0.0,77.25,0.0,16475.25,6980.100098,0.0,0.0,0.0,2546.899902,1558.75,671.0,2633.0,0.0,105.849998,0.0,19785.199219,113.949997,0.0,0.0,16624.599609
2021-08-25,0.0,81.099998,0.0,15896.700195,6944.950195,0.0,0.0,0.0,2579.050049,1556.949951,687.349976,2645.0,0.0,106.099998,0.0,19907.400391,114.0,0.0,0.0,16634.650391
2021-08-26,0.0,85.150002,0.0,15955.700195,6931.950195,0.0,0.0,0.0,2578.550049,1554.849976,699.0,2666.399902,0.0,105.550003,0.0,20046.800781,112.75,0.0,0.0,16636.900391
2021-08-27,0.0,89.400002,0.0,16198.700195,6966.600098,0.0,0.0,0.0,2573.399902,1548.699951,703.799988,2677.949951,0.0,105.949997,0.0,19953.949219,113.400002,0.0,0.0,16705.199219
2021-08-30,0.0,93.849998,0.0,16551.650391,7165.5,0.0,0.0,0.0,2551.149902,1568.050049,712.200012,2687.699951,0.0,107.349998,0.0,19763.599609,114.949997,0.0,0.0,16931.050781
2021-08-31,0.0,98.5,0.0,17134.199219,7524.5,0.0,0.0,0.0,2679.5,1581.5,717.700012,2724.100098,0.0,110.800003,0.0,19458.099609,115.949997,0.0,0.0,17132.199219
2021-09-01,0.0,103.400002,0.0,16784.550781,7519.600098,0.0,0.0,0.0,2701.149902,1578.5,719.5,2732.899902,0.0,110.75,0.0,19832.599609,115.400002,0.0,0.0,17076.25
2021-09-02,0.0,108.550003,0.0,16701.050781,7498.450195,0.0,0.0,0.0,2733.550049,1589.099976,758.799988,2801.050049,0.0,110.150002,0.0,20242.300781,116.5,0.0,0.0,17234.150391
2021-09-03,0.0,103.150002,0.0,16728.949219,7523.399902,0.0,0.0,0.0,2801.449951,1575.650024,734.450012,2766.699951,0.0,113.099998,0.0,20260.150391,117.0,0.0,0.0,17323.599609
2021-09-06,0.0,98.0,0.0,16756.75,7506.350098,0.0,0.0,0.0,2843.300049,1566.800049,735.650024,2780.600098,0.0,111.550003,0.0,20209.449219,116.449997,0.0,0.0,17377.800781
2021-09-07,0.0,93.099998,0.0,16779.199219,7457.299805,0.0,0.0,0.0,2822.899902,1569.150024,734.299988,2777.699951,0.0,111.900002,0.0,20373.25,115.849998,0.0,0.0,17362.099609
2021-09-08,0.0,97.75,0.0,16563.699219,7463.200195,0.0,0.0,0.0,2799.800049,1577.099976,743.450012,2800.899902,0.0,112.5,0.0,19876.650391,114.050003,0.0,0.0,17353.5
2021-09-09,0.0,102.550003,0.0,16743.300781,7430.649902,0.0,0.0,0.0,2818.350098,1567.650024,737.299988,2810.649902,0.0,112.800003,0.0,20439.449219,114.550003,0.0,0.0,17369.25
2021-09-13,0.0,100.550003,0.0,16929.150391,7445.549805,0.0,0.0,0.0,2804.75,1555.349976,734.799988,2786.350098,0.0,114.0,0.0,20434.599609,115.0,0.0,0.0,17355.300781
2021-09-14,0.0,99.199997,0.0,16833.650391,7417.549805,0.0,0.0,0.0,2819.800049,1548.25,739.200012,2762.550049,0.0,115.199997,0.0,20232.199219,115.900002,0.0,0.0,17380.0
2021-09-15,0.0,99.5,0.0,16829.099609,7414.149902,0.0,0.0,0.0,2841.800049,1547.099976,746.25,2775.449951,0.0,116.449997,0.0,20118.199219,124.199997,0.0,0.0,17519.449219
2021-09-16,0.0,98.550003,0.0,16730.800781,7411.5,0.0,0.0,0.0,2860.149902,1559.699951,754.950012,2768.25,0.0,118.349998,0.0,20043.849609,124.0,0.0,0.0,17629.5
2021-09-17,0.0,100.449997,0.0,16839.099609,7428.799805,0.0,0.0,0.0,2899.25,1583.300049,746.200012,2722.25,0.0,118.150002,0.0,20179.449219,123.75,0.0,0.0,17585.150391
2021-09-20,0.0,95.449997,0.0,17024.75,7442.450195,0.0,0.0,0.0,2811.75,1559.349976,730.549988,2800.350098,0.0,114.550003,0.0,20312.050781,122.699997,0.0,0.0,17396.900391
2021-09-21,0.0,94.550003,0.0,17566.25,7813.850098,0.0,0.0,0.0,2852.850098,1549.849976,735.900024,2812.449951,0.0,115.0,0.0,20152.0,124.099998,0.0,0.0,17562.0
2021-09-22,0.0,95.900002,0.0,17612.849609,7793.649902,0.0,0.0,0.0,2841.699951,1534.449951,732.950012,2784.5,0.0,116.5,0.0,19929.800781,124.400002,0.0,0.0,17546.650391
2021-09-23,0.0,97.050003,0.0,18519.349609,7899.049805,0.0,0.0,0.0,2856.649902,1570.25,724.950012,2782.300049,0.0,117.949997,0.0,19841.699219,126.199997,0.0,0.0,17822.949219
2021-09-24,0.0,95.849998,0.0,18528.449219,7793.399902,0.0,0.0,0.0,2928.300049,1601.349976,725.900024,2746.649902,0.0,117.300003,0.0,19892.0,124.25,0.0,0.0,17853.199219
2021-09-27,0.0,97.0,0.0,18039.349609,7795.450195,0.0,0.0,0.0,2878.5,1624.25,720.950012,2709.5,0.0,118.550003,0.0,19656.699219,126.849998,0.0,0.0,17855.099609
2021-09-28,0.0,96.0,0.0,17547.699219,7543.299805,0.0,0.0,0.0,2882.75,1615.949951,725.400024,2723.850098,0.0,123.0,0.0,19555.0,131.949997,0.0,0.0,17748.599609
2021-09-29,0.0,98.300003,0.0,17428.349609,7515.399902,0.0,0.0,0.0,2844.5,1593.199951,734.450012,2685.300049,0.0,127.5,0.0,19472.400391,140.649994,0.0,0.0,17711.300781
2021-09-30,0.0,97.099998,0.0,17788.5,7668.100098,0.0,0.0,0.0,2791.949951,1595.5,722.599976,2701.800049,0.0,125.400002,0.0,19450.75,141.850006,0.0,0.0,17618.150391
2021-10-01,0.0,96.949997,0.0,17175.0,7522.75,0.0,0.0,0.0,2773.25,1582.550049,729.400024,2704.050049,0.0,127.400002,0.0,19553.5,139.899994,0.0,0.0,17532.050781
2021-10-04,0.0,101.75,0.0,17789.449219,7695.049805,0.0,0.0,0.0,2746.800049,1585.300049,726.900024,2686.199951,0.0,126.25,0.0,19494.550781,145.550003,0.0,0.0,17691.25
2021-10-05,0.0,106.5,0.0,17847.75,7724.200195,0.0,0.0,0.0,2760.5,1595.300049,732.900024,2708.649902,0.0,129.899994,0.0,19399.849609,145.399994,0.0,0.0,17822.300781
2021-10-06,0.0,101.550003,0.0,17614.650391,7735.149902,0.0,0.0,0.0,2730.800049,1615.050049,725.650024,2686.050049,0.0,130.050003,0.0,19171.949219,143.300003,0.0,0.0,17646.0
2021-10-07,0.0,101.949997,0.0,17461.699219,7747.899902,0.0,0.0,0.0,2820.0,1611.25,724.900024,2669.399902,0.0,132.199997,0.0,19049.599609,142.800003,0.0,0.0,17790.349609
2021-10-08,0.0,101.599998,0.0,17551.900391,7732.200195,0.0,0.0,0.0,2819.550049,1602.199951,722.299988,2640.050049,0.0,131.699997,0.0,18996.050781,141.100006,0.0,0.0,17895.199219
2021-10-11,0.0,101.849998,0.0,17710.800781,7817.100098,0.0,0.0,0.0,2851.949951,1634.349976,717.049988,2645.100098,0.0,131.550003,0.0,19072.849609,144.800003,0.0,0.0,17945.949219
2021-10-12,0.0,101.650002,0.0,18225.0,7855.75,0.0,0.0,0.0,2908.050049,1629.300049,703.700012,2676.149902,0.0,131.199997,0.0,19414.650391,144.550003,0.0,0.0,17991.949219
2021-10-13,0.0,106.699997,0.0,18186.449219,7929.299805,0.0,0.0,0.0,2904.800049,1639.050049,700.900024,2646.75,0.0,131.25,0.0,19318.800781,146.350006,0.0,0.0,18161.75
2021-10-14,0.0,112.0,0.0,18486.949219,7862.899902,0.0,0.0,0.0,2854.149902,1685.900024,693.950012,2649.550049,0.0,134.449997,0.0,19320.150391,149.399994,0.0,0.0,18338.550781
2021-10-18,0.0,123.199997,0.0,18682.75,7865.549805,0.0,0.0,0.0,2824.399902,1670.150024,703.200012,2654.0,0.0,136.300003,0.0,19427.25,149.550003,0.0,0.0,18477.050781
2021-10-19,0.0,124.849998,0.0,19054.050781,7739.299805,0.0,0.0,0.0,2704.25,1688.949951,703.299988,2546.800049,0.0,133.800003,0.0,19377.5,149.649994,0.0,0.0,18418.75
2021-10-20,0.0,120.900002,0.0,18598.849609,7761.350098,0.0,0.0,0.0,2651.300049,1673.5,703.200012,2478.649902,0.0,130.449997,0.0,19273.699219,146.25,0.0,0.0,18266.599609
2021-10-21,0.0,123.199997,0.0,18597.550781,7737.299805,0.0,0.0,0.0,2660.899902,1675.699951,694.900024,2445.75,0.0,131.649994,0.0,19247.150391,147.899994,0.0,0.0,18178.099609
2021-10-22,0.0,117.050003,0.0,18664.949219,7710.200195,0.0,0.0,0.0,2611.649902,1681.949951,690.650024,2454.100098,0.0,130.75,0.0,19009.949219,144.899994,0.0,0.0,18114.900391
2021-10-25,0.0,111.199997,0.0,18097.650391,7646.649902,0.0,0.0,0.0,2560.600098,1656.849976,683.200012,2455.850098,0.0,130.399994,0.0,18692.0,143.899994,0.0,0.0,18125.400391
2021-10-26,0.0,112.199997,0.0,18349.25,7855.649902,0.0,0.0,0.0,2590.449951,1653.050049,690.150024,2436.850098,0.0,131.550003,0.0,19214.099609,143.199997,0.0,0.0,18268.400391
2021-10-27,0.0,108.75,0.0,18013.5,7482.149902,0.0,0.0,0.0,2583.899902,1642.650024,693.5,2396.600098,0.0,130.800003,0.0,19004.150391,141.300003,0.0,0.0,18210.949219
2021-10-28,0.0,103.449997,0.0,18000.050781,7484.25,0.0,0.0,0.0,2527.199951,1592.550049,682.700012,2389.649902,0.0,128.800003,0.0,18997.349609,137.350006,0.0,0.0,17857.25
2021-10-29,0.0,100.5,0.0,17830.900391,7400.200195,0.0,0.0,0.0,2485.100098,1582.349976,680.400024,2393.149902,0.0,128.050003,0.0,19002.0,132.649994,0.0,0.0,17671.650391
2021-11-01,0.0,102.849998,0.0,17564.699219,7413.950195,0.0,0.0,0.0,2560.25,1606.150024,689.0,2407.100098,0.0,131.449997,0.0,18957.25,134.300003,0.0,0.0,17929.650391
2021-11-02,0.0,104.099998,0.0,17535.849609,7455.350098,0.0,0.0,0.0,2541.350098,1606.699951,692.799988,2418.899902,0.0,130.899994,0.0,18773.800781,136.649994,0.0,0.0,17888.949219
2021-11-03,0.0,103.25,0.0,17509.650391,7516.25,0.0,0.0,0.0,2521.75,1581.849976,691.450012,2411.350098,0.0,132.550003,0.0,18727.25,136.75,0.0,0.0,17829.199219
2021-11-04,0.0,105.400002,0.0,17595.900391,7525.100098,0.0,0.0,0.0,2665.350098,1594.0,696.549988,2422.850098,0.0,134.649994,0.0,18895.949219,137.149994,0.0,0.0,17916.800781
2021-11-08,0.0,104.5,0.0,18326.849609,7673.649902,0.0,0.0,0.0,2709.800049,1600.199951,703.200012,2431.899902,0.0,140.5,0.0,19050.300781,140.300003,0.0,0.0,18068.550781
2021-11-09,0.0,109.699997,0.0,18174.900391,7577.5,0.0,0.0,0.0,2724.399902,1571.150024,705.75,2431.149902,0.0,139.699997,0.0,18914.550781,138.5,0.0,0.0,18044.25
2021-11-10,0.0,110.150002,0.0,18315.099609,7581.450195,0.0,0.0,0.0,2746.550049,1555.050049,706.349976,2400.149902,0.0,139.449997,0.0,18954.400391,137.399994,0.0,0.0,18017.199219
2021-11-11,0.0,108.099998,0.0,17872.050781,7452.700195,0.0,0.0,0.0,2704.399902,1548.400024,702.549988,2376.199951,0.0,133.300003,0.0,18880.650391,136.649994,0.0,0.0,17873.599609
2021-11-12,0.0,108.449997,0.0,18269.5,7579.100098,0.0,0.0,0.0,2722.399902,1553.300049,720.299988,2404.949951,0.0,133.0,0.0,19134.599609,136.449997,0.0,0.0,18102.75
2021-11-15,0.0,107.150002,0.0,18119.199219,7534.25,0.0,0.0,0.0,2685.25,1557.0,714.599976,2424.75,0.0,132.75,0.0,19425.349609,137.149994,0.0,0.0,18109.449219
2021-11-16,0.0,106.75,0.0,18192.400391,7555.700195,0.0,0.0,0.0,2710.449951,1547.449951,713.200012,2406.649902,0.0,131.100006,0.0,19463.150391,134.300003,0.0,0.0,17999.199219
2021-11-17,0.0,104.300003,0.0,18265.75,7607.649902,0.0,0.0,0.0,2673.850098,1530.650024,711.0,2391.149902,0.0,128.5,0.0,19462.25,136.449997,0.0,0.0,17898.650391
2021-11-18,0.0,102.900002,0.0,17912.400391,7484.950195,0.0,0.0,0.0,2605.25,1538.75,705.0,2399.399902,0.0,129.399994,0.0,19400.199219,135.300003,0.0,0.0,17764.800781
2021-11-22,0.0,100.949997,0.0,17073.199219,7058.299805,0.0,0.0,0.0,2545.850098,1515.199951,688.650024,2388.550049,0.0,124.449997,0.0,19005.699219,130.149994,0.0,0.0,17416.550781
2021-11-23,0.0,105.949997,0.0,17360.150391,7114.299805,0.0,0.0,0.0,2599.0,1516.800049,695.650024,2394.199951,0.0,126.199997,0.0,19164.0,133.5,0.0,0.0,17503.349609
2021-11-24,0.0,105.900002,0.0,17437.449219,7177.299805,0.0,0.0,0.0,2540.300049,1518.349976,686.099976,2374.75,0.0,127.650002,0.0,19105.449219,135.350006,0.0,0.0,17415.050781
2021-11-25,0.0,105.050003,0.0,17354.099609,7125.799805,0.0,0.0,0.0,2519.100098,1524.25,689.049988,2349.050049,0.0,125.650002,0.0,19188.349609,135.199997,0.0,0.0,17536.25
2021-11-26,0.0,101.25,0.0,16679.949219,6807.049805,0.0,0.0,0.0,2435.449951,1490.099976,670.799988,2335.100098,0.0,120.949997,0.0,19210.349609,128.850006,0.0,0.0,17026.449219
2021-11-29,0.0,98.400002,0.0,16889.599609,6905.75,0.0,0.0,0.0,2412.75,1501.199951,683.5,2329.399902,0.0,118.800003,0.0,19005.75,126.5,0.0,0.0,17053.949219
2021-11-30,0.0,99.349998,0.0,17233.25,6997.25,0.0,0.0,0.0,2371.300049,1493.599976,677.650024,2317.550049,0.0,119.050003,0.0,19159.099609,127.25,0.0,0.0,16983.199219
2021-12-01,0.0,101.25,0.0,17381.650391,7038.700195,0.0,0.0,0.0,2437.600098,1504.599976,694.0,2344.850098,0.0,117.699997,0.0,19388.5,127.699997,0.0,0.0,17166.900391
2021-12-02,0.0,101.75,0.0,17752.949219,7180.5,0.0,0.0,0.0,2450.600098,1525.650024,705.099976,2383.300049,0.0,120.550003,0.0,19503.949219,128.699997,0.0,0.0,17401.650391
2021-12-03,0.0,100.800003,0.0,17495.0,7069.25,0.0,0.0,0.0,2458.050049,1513.099976,690.700012,2343.649902,0.0,121.900002,0.0,19305.400391,127.0,0.0,0.0,17196.699219
2021-12-06,0.0,99.5,0.0,16894.800781,6951.75,0.0,0.0,0.0,2444.399902,1505.400024,684.849976,2306.5,0.0,120.949997,0.0,18993.199219,124.349998,0.0,0.0,16912.25
2021-12-07,0.0,100.349998,0.0,17107.699219,7103.149902,0.0,0.0,0.0,2470.100098,1525.449951,694.099976,2321.600098,0.0,120.550003,0.0,19336.099609,125.349998,0.0,0.0,17176.699219
2021-12-08,0.0,103.949997,0.0,17622.599609,7361.5,0.0,0.0,0.0,2504.649902,1553.449951,686.650024,2340.600098,0.0,120.349998,0.0,19476.150391,127.25,0.0,0.0,17469.75
2021-12-09,0.0,103.550003,0.0,17596.25,7440.299805,0.0,0.0,0.0,2541.550049,1527.5,683.25,2339.75,0.0,119.75,0.0,19283.0,126.050003,0.0,0.0,17516.849609
2021-12-10,0.0,104.050003,0.0,17723.0,7452.5,0.0,0.0,0.0,2528.550049,1522.349976,684.599976,2332.800049,0.0,120.050003,0.0,19273.449219,126.150002,0.0,0.0,17511.300781
2021-12-13,0.0,103.75,0.0,17319.349609,7218.75,0.0,0.0,0.0,2497.949951,1510.650024,674.700012,2304.350098,0.0,118.349998,0.0,19001.75,125.800003,0.0,0.0,17368.25
2021-12-14,0.0,103.349998,0.0,17129.050781,7065.899902,0.0,0.0,0.0,2485.149902,1503.5,669.450012,2318.300049,0.0,117.900002,0.0,19197.900391,126.349998,0.0,0.0,17324.900391
2021-12-15,0.0,102.199997,0.0,16675.050781,6847.25,0.0,0.0,0.0,2491.899902,1500.849976,673.5,2320.949951,0.0,115.699997,0.0,19151.349609,126.699997,0.0,0.0,17221.400391
2021-12-16,0.0,101.300003,0.0,16710.849609,7028.850098,0.0,0.0,0.0,2472.449951,1500.199951,669.549988,2309.5,0.0,115.800003,0.0,19268.699219,127.400002,0.0,0.0,17248.400391
2021-12-17,0.0,100.099998,0.0,16204.0,6901.100098,0.0,0.0,0.0,2462.350098,1472.900024,656.650024,2230.25,0.0,112.900002,0.0,19055.550781,125.550003,0.0,0.0,16985.199219
2021-12-20,0.0,97.099998,0.0,15829.049805,6634.149902,0.0,0.0,0.0,2406.850098,1426.599976,633.200012,2269.100098,0.0,108.900002,0.0,18893.699219,121.75,0.0,0.0,16614.199219
2021-12-21,0.0,98.849998,0.0,15831.099609,6577.549805,0.0,0.0,0.0,2414.949951,1442.300049,639.049988,2272.850098,0.0,109.5,0.0,19227.699219,122.199997,0.0,0.0,16770.849609
2021-12-22,0.0,99.650002,0.0,15949.200195,6771.200195,0.0,0.0,0.0,2486.699951,1445.300049,640.049988,2277.649902,0.0,109.099998,0.0,19184.349609,122.550003,0.0,0.0,16955.449219
2021-12-23,0.0,99.300003,0.0,16161.299805,6917.75,0.0,0.0,0.0,2481.550049,1444.0,640.650024,2300.649902,0.0,112.150002,0.0,19207.0,124.550003,0.0,0.0,17072.599609
2021-12-24,0.0,98.650002,0.0,15920.549805,6852.0,0.0,0.0,0.0,2437.949951,1439.300049,636.900024,2296.949951,0.0,110.25,0.0,19218.099609,121.25,0.0,0.0,17003.75
2021-12-27,0.0,99.449997,0.0,16017.450195,6890.75,0.0,0.0,0.0,2439.75,1450.150024,639.349976,2301.399902,0.0,110.75,0.0,19305.75,121.849998,0.0,0.0,17086.25
2021-12-28,0.0,101.0,0.0,16102.150391,6906.649902,0.0,0.0,0.0,2479.300049,1460.900024,642.150024,2309.100098,0.0,112.25,0.0,19353.099609,124.099998,0.0,0.0,17233.25
2021-12-29,0.0,99.849998,0.0,16241.75,6911.649902,0.0,0.0,0.0,2562.449951,1453.650024,644.549988,2306.850098,0.0,111.5,0.0,19404.050781,123.150002,0.0,0.0,17213.599609
2021-12-30,0.0,99.449997,0.0,16177.799805,6871.100098,0.0,0.0,0.0,2557.449951,1461.550049,640.950012,2325.600098,0.0,110.599998,0.0,19399.849609,126.900002,0.0,0.0,17203.949219
2021-12-31,0.0,99.699997,0.0,16390.199219,6977.299805,0.0,0.0,0.0,2589.949951,1479.800049,648.799988,2360.149902,0.0,111.550003,0.0,19708.550781,124.400002,0.0,0.0,17354.050781
2022-01-03,0.0,101.300003,0.0,16973.800781,7219.600098,0.0,0.0,0.0,2719.100098,1519.699951,651.0,2361.300049,0.0,113.0,0.0,19671.0,126.0,0.0,0.0,17625.699219
2022-01-04,0.0,100.550003,0.0,17112.599609,7343.0,0.0,0.0,0.0,2704.25,1528.400024,652.849976,2401.25,0.0,114.050003,0.0,19878.75,132.899994,0.0,0.0,17805.25
2022-01-05,0.0,99.849998,0.0,17983.0,7670.799805,0.0,0.0,0.0,2779.850098,1564.650024,653.450012,2415.800049,0.0,117.25,0.0,19925.099609,132.0,0.0,0.0,17925.25
2022-01-06,0.0,99.849998,0.0,17986.349609,7748.25,0.0,0.0,0.0,2817.699951,1539.900024,646.950012,2391.399902,0.0,117.25,0.0,19647.5,130.899994,0.0,0.0,17745.900391
2022-01-07,0.0,100.199997,0.0,17749.699219,7659.350098,0.0,0.0,0.0,2824.100098,1550.400024,660.150024,2416.149902,0.0,118.5,0.0,19923.5,131.350006,0.0,0.0,17812.699219
2022-01-10,0.0,108.699997,0.0,17804.949219,7731.299805,0.0,0.0,0.0,2815.600098,1558.849976,662.950012,2407.050049,0.0,119.699997,0.0,19707.050781,131.850006,0.0,0.0,18003.300781
2022-01-11,0.0,108.550003,0.0,17794.349609,7669.850098,0.0,0.0,0.0,2791.899902,1565.699951,658.049988,2403.649902,0.0,118.449997,0.0,19776.300781,132.300003,0.0,0.0,18055.75
2022-01-12,0.0,119.400002,0.0,17944.650391,7774.5,0.0,0.0,0.0,2815.949951,1556.550049,673.099976,2413.149902,0.0,119.0,0.0,19700.050781,133.850006,0.0,0.0,18212.349609
2022-01-13,0.0,116.449997,0.0,18224.099609,7808.350098,0.0,0.0,0.0,2831.350098,1528.349976,670.25,2414.199951,0.0,121.199997,0.0,19677.0,134.949997,0.0,0.0,18257.800781
2022-01-14,0.0,117.150002,0.0,18199.199219,7832.200195,0.0,0.0,0.0,2819.899902,1545.25,671.950012,2363.699951,0.0,123.25,0.0,19409.550781,135.350006,0.0,0.0,18255.75
2022-01-17,0.0,116.050003,0.0,18340.199219,7852.600098,0.0,0.0,0.0,2843.149902,1521.550049,674.099976,2389.550049,0.0,123.650002,0.0,19328.800781,136.600006,0.0,0.0,18308.099609
2022-01-18,0.0,109.75,0.0,18156.449219,7744.0,0.0,0.0,0.0,2736.600098,1529.599976,669.400024,2369.5,0.0,123.849998,0.0,19370.75,135.0,0.0,0.0,18113.050781
2022-01-19,0.0,113.900002,0.0,18087.550781,7571.799805,0.0,0.0,0.0,2719.100098,1518.550049,656.200012,2309.899902,0.0,125.050003,0.0,18903.300781,134.800003,0.0,0.0,17938.400391
2022-01-20,0.0,113.75,0.0,17260.300781,7530.25,0.0,0.0,0.0,2734.149902,1509.699951,650.049988,2261.800049,0.0,125.449997,0.0,18758.75,134.899994,0.0,0.0,17757.0
2022-01-21,0.0,109.949997,0.0,16333.049805,7373.75,0.0,0.0,0.0,2708.899902,1520.699951,641.25,2325.399902,0.0,121.650002,0.0,18958.550781,134.100006,0.0,0.0,17617.150391
2022-01-24,0.0,102.800003,0.0,15707.950195,6931.75,0.0,0.0,0.0,2653.550049,1487.449951,627.099976,2284.600098,0.0,120.349998,0.0,18710.150391,132.600006,0.0,0.0,17149.099609
2022-01-25,0.0,107.150002,0.0,15526.349609,6963.75,0.0,0.0,0.0,2686.600098,1487.25,630.650024,2327.25,0.0,121.449997,0.0,18795.25,135.300003,0.0,0.0,17277.949219
2022-01-27,0.0,105.650002,0.0,15360.549805,6837.0,0.0,0.0,0.0,2644.149902,1476.300049,621.799988,2295.350098,0.0,122.599998,0.0,18391.900391,135.0,0.0,0.0,17110.150391
2022-01-28,0.0,105.75,0.0,15200.0,6867.25,0.0,0.0,0.0,2609.300049,1463.300049,620.349976,2283.550049,0.0,124.099998,0.0,18376.849609,140.149994,0.0,0.0,17101.949219
2022-01-31,0.0,106.25,0.0,15689.849609,7000.25,0.0,0.0,0.0,2642.149902,1485.550049,622.950012,2273.75,0.0,125.199997,0.0,18527.650391,142.050003,0.0,0.0,17339.849609
2022-02-01,0.0,108.0,0.0,15892.049805,7014.600098,0.0,0.0,0.0,2621.850098,1498.400024,623.799988,2305.649902,0.0,121.75,0.0,18662.949219,141.149994,0.0,0.0,17576.849609
2022-02-02,0.0,108.349998,0.0,16706.900391,7247.450195,0.0,0.0,0.0,2669.850098,1531.199951,644.150024,2327.899902,0.0,124.449997,0.0,18493.949219,141.149994,0.0,0.0,17780.0
2022-02-03,0.0,107.599998,0.0,16339.900391,7110.649902,0.0,0.0,0.0,2668.949951,1514.349976,634.150024,2298.149902,0.0,124.550003,0.0,18312.300781,136.649994,0.0,0.0,17560.199219
2022-02-04,0.0,108.550003,0.0,16201.950195,7158.399902,0.0,0.0,0.0,2629.100098,1524.25,624.599976,2306.600098,0.0,124.199997,0.0,18329.900391,134.199997,0.0,0.0,17516.300781
2022-02-07,0.0,111.699997,0.0,15709.200195,6930.600098,0.0,0.0,0.0,2599.949951,1468.599976,603.450012,2257.600098,0.0,122.900002,0.0,18091.849609,135.149994,0.0,0.0,17213.599609
2022-02-08,0.0,108.150002,0.0,15975.200195,7055.0,0.0,0.0,0.0,2588.0,1461.099976,600.549988,2264.350098,0.0,121.25,0.0,18082.349609,135.0,0.0,0.0,17266.75
2022-02-09,0.0,107.599998,0.0,16263.549805,7117.350098,0.0,0.0,0.0,2627.75,1497.699951,600.200012,2277.649902,0.0,121.050003,0.0,18127.0,135.050003,0.0,0.0,17463.800781
2022-02-10,0.0,122.75,0.0,16389.199219,7137.0,0.0,0.0,0.0,2639.25,1524.150024,606.599976,2283.149902,0.0,119.949997,0.0,18098.300781,136.449997,0.0,0.0,17605.849609
2022-02-11,0.0,125.0,0.0,16103.950195,7011.600098,0.0,0.0,0.0,2596.550049,1518.849976,595.349976,2258.0,0.0,122.050003,0.0,17815.199219,137.149994,0.0,0.0,17374.75
2022-02-14,0.0,113.349998,0.0,15681.299805,6785.950195,0.0,0.0,0.0,2568.550049,1473.050049,557.200012,2228.550049,0.0,116.699997,0.0,17663.75,132.5,0.0,0.0,16842.800781
2022-02-15,0.0,117.949997,0.0,16365.799805,7142.049805,0.0,0.0,0.0,2722.800049,1518.199951,573.650024,2290.100098,0.0,118.75,0.0,18181.0,135.350006,0.0,0.0,17352.449219
2022-02-16,0.0,126.75,0.0,16279.950195,7068.600098,0.0,0.0,0.0,2706.899902,1516.050049,586.049988,2286.5,0.0,121.400002,0.0,18244.349609,133.199997,0.0,0.0,17322.199219
2022-02-17,0.0,132.0,0.0,16175.549805,7082.450195,0.0,0.0,0.0,2722.5,1506.300049,592.5,2307.550049,0.0,121.349998,0.0,18084.550781,132.75,0.0,0.0,17304.599609
2022-02-18,0.0,131.600006,0.0,16101.299805,7030.100098,0.0,0.0,0.0,2695.149902,1512.650024,590.849976,2312.550049,0.0,121.150002,0.0,18059.0,132.350006,0.0,0.0,17276.300781
2022-02-21,0.0,120.150002,0.0,16004.049805,7006.350098,0.0,0.0,0.0,2697.899902,1521.75,582.299988,2294.800049,0.0,119.099998,0.0,18090.449219,131.949997,0.0,0.0,17206.650391
2022-02-22,0.0,120.550003,0.0,16222.299805,7011.350098,0.0,0.0,0.0,2724.800049,1511.449951,572.450012,2269.949951,0.0,117.150002,0.0,18091.300781,132.100006,0.0,0.0,17092.199219
2022-02-23,0.0,125.550003,0.0,16146.450195,7044.549805,0.0,0.0,0.0,2708.100098,1501.900024,570.200012,2260.399902,0.0,117.150002,0.0,17949.449219,130.199997,0.0,0.0,17063.25
2022-02-24,0.0,111.150002,0.0,15246.400391,6627.799805,0.0,0.0,0.0,2613.149902,1419.599976,532.5,2171.399902,0.0,110.0,0.0,17727.75,124.400002,0.0,0.0,16247.950195
2022-02-25,0.0,124.050003,0.0,15771.650391,6969.399902,0.0,0.0,0.0,2626.949951,1455.650024,538.900024,2170.699951,0.0,112.400002,0.0,17706.5,130.350006,0.0,0.0,16658.400391
2022-02-28,0.0,123.75,0.0,16007.349609,7002.299805,0.0,0.0,0.0,2586.350098,1426.699951,523.150024,2172.100098,0.0,114.699997,0.0,17603.050781,133.5,0.0,0.0,16793.900391
2022-03-02,0.0,123.099998,0.0,16061.900391,6831.549805,0.0,0.0,0.0,2510.199951,1374.550049,560.900024,2149.100098,0.0,112.25,0.0,17840.099609,130.949997,0.0,0.0,16605.949219
2022-03-03,0.0,122.699997,0.0,15701.349609,6748.350098,0.0,0.0,0.0,2411.399902,1370.25,531.900024,2091.0,0.0,114.650002,0.0,17450.800781,132.100006,0.0,0.0,16498.050781
2022-03-04,0.0,119.75,0.0,15329.950195,6537.899902,0.0,0.0,0.0,2339.350098,1366.599976,521.650024,2019.5,0.0,113.25,0.0,17389.599609,130.199997,0.0,0.0,16245.349609
2022-03-07,1564.75,116.449997,2708.5,14368.200195,6125.0,3153.449951,941.150024,3769.399902,2287.050049,1323.699951,503.450012,1943.949951,834.400024,112.349998,1711.900024,17342.5,130.050003,2239.550049,32871.25,15863.150391
2022-03-08,1600.75,118.699997,2723.649902,14456.099609,6161.850098,3113.75,969.549988,3868.550049,2253.899902,1327.050049,512.950012,1949.0,840.700012,117.050003,1723.099976,17299.699219,133.75,2235.5,33158.101563,16013.450195
2022-03-09,1656.449951,121.300003,2875.100098,15018.849609,6472.5,3123.850098,981.549988,3930.449951,2295.100098,1370.75,514.849976,1997.900024,875.349976,116.949997,1739.099976,17147.349609,131.5,2354.100098,33815.449219,16345.349609
2022-03-10,1742.449951,122.5,2911.199951,15466.950195,6584.899902,3222.949951,987.049988,3892.5,2303.25,1392.099976,521.299988,2101.949951,904.299988,120.949997,1754.349976,17633.949219,132.949997,2392.25,34475.601563,16594.900391
2022-03-11,1733.599976,121.800003,2932.649902,15564.849609,6628.0,3199.899902,1043.949951,3975.600098,2291.25,1397.0,518.700012,2094.399902,901.75,123.650002,1763.0,17322.800781,131.949997,2399.149902,34546.25,16630.449219
2022-03-14,1735.949951,122.150002,2962.5,15671.900391,6665.450195,3185.850098,1048.650024,3957.300049,2313.399902,1442.400024,512.450012,2059.300049,907.599976,120.75,1788.75,17376.949219,132.149994,2418.850098,35312.148438,16871.300781
2022-03-15,1702.449951,122.300003,2986.5,15709.049805,6666.549805,3222.850098,1068.050049,3899.850098,2306.0,1423.800049,504.5,2038.199951,896.650024,118.949997,1733.75,17475.650391,131.050003,2363.449951,35022.648438,16663.0
2022-03-16,1757.449951,122.900002,3041.600098,16116.950195,6840.600098,3313.649902,1055.800049,3943.800049,2358.75,1447.849976,517.299988,2072.149902,928.650024,121.900002,1760.5,17804.0,132.75,2403.350098,35748.25,16975.349609
2022-03-17,1818.550049,125.099998,3135.0,16377.400391,6994.399902,3355.949951,1048.5,4042.149902,2436.949951,1480.25,530.099976,2102.050049,932.450012,121.400002,1820.0,18269.400391,132.899994,2481.699951,36428.550781,17287.050781
2022-03-21,1803.0,124.550003,3045.75,16177.299805,6870.399902,3237.550049,1050.300049,4004.949951,2375.649902,1486.050049,522.400024,2051.199951,913.400024,118.0,1777.099976,17859.550781,132.899994,2467.399902,36018.5,17117.599609
2022-03-22,1831.349976,123.75,3051.699951,16500.949219,6985.799805,3158.399902,1032.599976,4030.350098,2384.5,1494.449951,529.049988,1993.5,927.700012,120.599998,1807.849976,17415.650391,132.850006,2531.149902,36348.550781,17315.5
2022-03-23,1812.099976,130.199997,3016.149902,16393.75,7004.799805,3102.25,1014.450012,4127.299805,2392.0,1475.650024,526.150024,1978.550049,931.349976,121.449997,1769.75,17349.099609,133.449997,2539.199951,36147.351563,17245.650391
2022-03-24,1832.650024,132.149994,3023.5,16377.549805,6997.549805,3103.850098,1029.0,4328.5,2365.449951,1442.699951,522.099976,1965.900024,924.799988,120.349998,1714.150024,17392.849609,135.399994,2578.649902,35527.101563,17222.75
2022-03-25,1869.599976,143.199997,3046.399902,16340.849609,6973.5,3094.5,1013.5,4361.450195,2337.0,1431.75,519.549988,1953.0,926.25,118.599998,1722.25,17177.099609,134.75,2595.850098,35410.101563,17153.0
2022-03-28,1908.550049,152.25,3026.800049,16519.0,7001.399902,3094.800049,1017.099976,4285.450195,2378.850098,1432.900024,512.400024,1975.099976,935.150024,119.949997,1725.199951,16863.449219,134.800003,2621.949951,35710.5,17222.0
2022-03-29,1915.849976,173.550003,3043.550049,16496.800781,7039.350098,3103.800049,1038.849976,4323.549805,2478.899902,1452.949951,523.099976,1987.050049,929.150024,118.25,1730.0,16922.849609,134.350006,2622.550049,35847.398438,17325.300781
2022-03-30,1993.949951,171.5,3080.149902,17127.5,7251.850098,3148.399902,1028.949951,4354.399902,2485.550049,1476.400024,541.950012,2015.900024,926.299988,117.199997,1763.099976,17295.550781,135.300003,2672.949951,36334.300781,17498.25
2022-03-31,2015.699951,185.100006,3081.75,17052.150391,7259.950195,3206.399902,1018.049988,4295.450195,2460.449951,1469.949951,538.25,2048.649902,935.400024,118.949997,1753.849976,17376.800781,135.0,2634.75,36373.601563,17464.75
2022-04-01,2044.25,203.449997,3113.800049,17134.050781,7408.100098,3230.649902,1014.849976,4279.450195,2482.699951,1506.300049,550.549988,2078.149902,968.599976,122.050003,1776.650024,17544.949219,142.949997,2655.850098,37148.5,17670.449219
2022-04-04,2065.600098,211.949997,3117.649902,17186.550781,7490.649902,3270.0,1027.800049,4317.149902,2505.550049,1656.449951,571.549988,2128.449951,987.200012,122.25,1836.050049,17782.199219,144.300003,2663.699951,38635.199219,18053.400391
2022-04-05,2141.850098,233.100006,3139.600098,16818.849609,7388.450195,3303.399902,1021.450012,4329.899902,2542.850098,1607.150024,569.5,2139.800049,973.25,122.699997,1802.199951,18014.5,149.100006,2626.050049,38067.898438,17957.400391
2022-04-06,2160.0,244.75,3155.050049,16718.099609,7346.950195,3282.5,1029.0,4276.75,2531.850098,1550.800049,556.099976,2142.050049,968.299988,126.0,1779.400024,18207.599609,153.0,2619.050049,37632.800781,17807.650391
2022-04-07,2098.600098,232.550003,3155.300049,16564.550781,7290.200195,3294.100098,1036.699951,4317.399902,2537.399902,1516.900024,558.849976,2164.800049,972.599976,123.5,1766.449951,18175.550781,153.5,2572.850098,37557.351563,17639.550781
2022-04-08,2170.699951,220.949997,3206.699951,16733.75,7366.600098,3347.899902,1011.599976,4430.350098,2555.25,1515.099976,564.599976,2183.050049,985.599976,126.949997,1784.5,18431.099609,152.050003,2615.649902,37752.050781,17784.349609
2022-04-11,2178.649902,231.600006,3157.300049,16574.050781,7336.649902,3350.649902,1025.5,4380.5,2544.449951,1496.199951,567.25,2163.050049,980.450012,128.800003,1783.449951,18422.699219,153.100006,2610.199951,37613.800781,17674.949219
2022-04-12,2198.25,230.800003,3131.75,16305.75,7274.5,3344.100098,1027.25,4372.350098,2521.5,1493.25,562.200012,2132.25,985.099976,126.099998,1801.849976,18430.0,152.600006,2561.050049,37747.398438,17530.300781
2022-04-13,2198.800049,223.25,3080.899902,16081.799805,7328.450195,3349.649902,1016.599976,4299.200195,2501.149902,1464.849976,564.549988,2152.149902,983.400024,127.849998,1779.599976,18343.900391,153.949997,2551.649902,37463.398438,17475.650391
2022-04-18,2232.949951,234.399994,3022.350098,15820.5,7261.450195,3343.899902,1027.849976,4284.950195,2509.550049,1395.349976,574.299988,2177.649902,977.450012,128.050003,1750.400024,18549.849609,163.199997,2543.850098,36729.0,17173.650391
2022-04-19,2170.649902,232.449997,2988.449951,15689.049805,7259.549805,3267.899902,1000.299988,4209.700195,2454.199951,1343.300049,547.200012,2113.050049,963.799988,130.350006,1707.5,17943.150391,160.649994,2640.800049,36341.601563,16958.650391
2022-04-20,2183.949951,235.050003,3083.199951,15509.099609,7032.5,3304.199951,1012.049988,4293.399902,2533.899902,1354.650024,559.549988,2164.949951,972.549988,133.300003,1721.300049,18313.699219,160.5,2718.449951,36314.898438,17136.550781
2022-04-21,2286.550049,246.800003,3156.699951,15834.849609,7138.100098,3359.899902,998.549988,4320.299805,2652.0,1374.25,570.049988,2197.949951,989.25,135.0,1760.849976,18205.800781,162.699997,2782.100098,36816.101563,17392.599609
2022-04-22,2274.100098,259.100006,3164.75,15450.049805,7110.75,3364.100098,967.0,4192.75,2631.0,1355.449951,554.049988,2126.949951,959.849976,134.300003,1727.75,18200.849609,160.449997,2758.800049,36044.75,17171.949219
2022-04-25,2287.199951,272.049988,3130.050049,15263.200195,7005.5,3295.899902,953.150024,4115.450195,2592.0,1365.550049,540.25,2100.75,946.549988,127.699997,1728.849976,18178.949219,156.100006,2695.0,36082.351563,16953.949219
2022-04-26,2397.0,285.649994,3125.600098,15426.349609,7240.549805,3372.699951,978.400024,4154.549805,2649.75,1372.349976,549.5,2148.350098,980.450012,128.949997,1742.699951,18418.099609,157.0,2775.649902,36404.800781,17200.800781
2022-04-27,2334.600098,299.200012,3148.300049,14828.549805,6714.100098,3338.25,977.75,4077.050049,2655.149902,1372.650024,547.650024,2145.100098,974.5,127.5,1741.5,18226.199219,155.649994,2778.350098,36028.851563,17038.400391
2022-04-28,2378.899902,284.25,3248.300049,15013.799805,6727.649902,3357.899902,981.200012,4122.149902,2679.100098,1371.050049,571.349976,2241.850098,988.349976,129.899994,1765.650024,18431.449219,159.699997,2819.850098,36422.199219,17245.050781
2022-04-29,2333.100098,280.350006,3239.300049,14908.450195,6671.799805,3279.25,981.200012,4131.950195,2629.649902,1384.75,582.5,2234.850098,978.549988,126.0,1790.75,18308.949219,156.199997,2790.25,36088.148438,17102.550781
2022-05-02,2339.300049,280.350006,3198.649902,14950.900391,6626.149902,3271.300049,976.599976,4123.899902,2550.800049,1403.099976,579.650024,2230.5,1018.099976,126.650002,1774.349976,18414.099609,157.5,2780.449951,36163.75,17069.099609
2022-05-04,2248.050049,266.350006,3100.199951,14325.400391,6339.75,3385.449951,957.549988,3992.350098,2486.100098,1356.25,567.650024,2171.550049,978.299988,125.849998,1775.599976,18098.699219,158.649994,2693.649902,35264.550781,16677.599609
2022-05-05,2256.75,278.149994,3076.050049,14136.299805,6309.450195,3277.0,948.400024,3963.800049,2432.25,1352.699951,569.849976,2166.600098,936.799988,125.800003,1797.599976,17599.349609,158.399994,2640.899902,35232.851563,16682.650391
2022-05-06,2246.550049,292.049988,3016.600098,13643.5,6000.299805,3307.800049,934.75,3930.649902,2360.75,1317.599976,566.200012,2149.199951,915.400024,126.300003,1775.300049,17002.0,159.0,2620.649902,34591.199219,16411.25
2022-05-09,2197.949951,281.600006,3009.75,13775.5,6036.950195,3252.050049,938.299988,3905.800049,2344.25,1320.099976,564.0,2116.649902,889.700012,123.900002,1767.5,16516.699219,159.0,2518.300049,34275.398438,16301.849609
2022-05-10,2110.449951,267.549988,3083.699951,13626.450195,5928.450195,3246.550049,926.150024,3914.0,2418.75,1341.349976,558.900024,2180.399902,910.75,121.949997,1797.150024,16530.949219,155.449997,2474.649902,34482.648438,16240.049805
2022-05-11,2119.649902,255.300003,3054.100098,13318.700195,5807.0,3259.850098,937.599976,3884.050049,2387.899902,1348.099976,563.799988,2163.5,923.349976,120.449997,1809.949951,16505.949219,152.550003,2449.300049,34693.148438,16167.099609
2022-05-12,2042.599976,242.550003,3039.399902,12848.950195,5593.399902,3216.850098,920.75,3880.0,2383.300049,1303.099976,547.450012,2138.800049,869.900024,121.949997,1760.900024,16231.549805,148.550003,2399.399902,33532.148438,15808.0
2022-05-13,2055.050049,254.649994,3065.199951,12613.700195,5515.75,3278.5,934.599976,3924.300049,2436.0,1290.949951,550.299988,2194.100098,872.349976,121.349998,1779.550049,16406.099609,144.149994,2426.600098,33121.351563,15782.150391
2022-05-16,2107.050049,267.350006,2999.449951,12663.849609,5645.399902,3284.899902,933.400024,3888.399902,2617.800049,1305.099976,549.849976,2217.25,885.900024,122.099998,1812.849976,16219.450195,148.25,2427.199951,33597.601563,15842.299805
2022-05-17,2184.5,280.700012,3049.800049,12973.650391,5837.299805,3368.850098,938.0,3904.0,2707.350098,1314.050049,554.849976,2245.0,903.849976,124.400002,1840.300049,16323.549805,150.5,2529.149902,34301.898438,16259.299805
2022-05-18,2179.399902,294.700012,3100.100098,12758.799805,5815.200195,3394.350098,957.099976,3905.800049,2693.600098,1314.349976,549.400024,2291.399902,903.150024,118.050003,1846.800049,16355.200195,148.5,2538.350098,34163.699219,16240.299805
2022-05-19,2114.0,297.399994,3046.449951,12408.700195,5707.0,3332.050049,938.0,3929.449951,2649.300049,1287.199951,529.049988,2264.550049,866.25,117.349998,1783.400024,16100.950195,148.0,2479.850098,33315.648438,15809.400391
2022-05-20,2223.300049,312.25,3109.550049,12562.150391,5769.600098,3450.25,978.400024,4249.100098,2707.449951,1320.699951,544.650024,2325.949951,896.5,116.949997,1829.150024,16863.849609,149.600006,2624.449951,34276.398438,16266.150391
2022-05-23,2168.949951,327.850006,3174.0,12573.650391,5794.0,3487.050049,970.049988,4274.950195,2742.100098,1302.900024,551.200012,2379.800049,902.400024,117.699997,1854.300049,16988.599609,150.149994,2606.899902,34247.601563,16214.700195
2022-05-24,2160.399902,311.5,3086.5,12359.75,5798.799805,3470.449951,970.400024,4347.100098,2720.0,1318.949951,552.650024,2309.649902,897.950012,118.650002,1882.599976,17187.75,146.899994,2615.850098,34290.148438,16125.150391
2022-05-25,2075.100098,299.350006,2838.399902,12402.200195,5827.399902,3516.5,971.849976,4307.450195,2686.550049,1328.400024,569.0,2298.699951,893.349976,114.849998,1907.550049,17283.099609,152.649994,2612.0,34339.5,16025.799805
2022-05-26,2047.699951,314.299988,2844.449951,12473.049805,5817.799805,3560.949951,964.549988,4304.149902,2726.600098,1367.699951,578.150024,2280.199951,897.599976,114.300003,1908.650024,17687.400391,154.149994,2587.100098,35094.898438,16170.150391
2022-05-27,2080.100098,328.100006,2835.050049,12766.0,5993.5,3557.600098,966.349976,4390.5,2742.25,1391.599976,598.200012,2330.600098,925.400024,114.150002,1946.199951,17633.599609,150.449997,2575.100098,35613.300781,16352.450195
2022-05-30,2165.649902,340.25,2844.699951,12930.0,6111.200195,3576.25,986.799988,4370.299805,2762.149902,1400.75,607.849976,2348.949951,936.200012,116.099998,1903.199951,17700.25,150.899994,2664.800049,35826.949219,16661.400391
2022-05-31,2167.75,323.25,2860.100098,12914.0,6082.149902,3647.800049,992.950012,4369.649902,2785.399902,1387.449951,599.299988,2353.25,930.849976,116.050003,1846.849976,17770.0,156.0,2632.649902,35487.398438,16584.550781
2022-06-01,2150.800049,307.100006,2853.100098,12598.75,6010.149902,3551.300049,983.549988,4319.0,2771.449951,1396.300049,607.0,2308.449951,928.349976,118.25,1865.099976,17238.5,156.800003,2633.5,35620.800781,16522.75
2022-06-02,2209.850098,295.350006,2908.350098,12961.400391,6057.850098,3577.050049,987.099976,4333.149902,2723.050049,1385.099976,607.650024,2284.800049,942.950012,117.699997,1857.650024,17399.599609,159.050003,2724.300049,35613.648438,16628.0
2022-06-03,2189.25,284.100006,2887.0,12691.049805,6028.200195,3530.0,960.950012,4340.0,2685.149902,1380.25,602.75,2291.949951,924.299988,118.25,1858.650024,17170.0,155.0,2779.5,35275.050781,16584.300781
2022-06-06,2224.100098,298.299988,2818.75,12520.549805,6021.0,3491.949951,976.049988,4305.75,2654.399902,1377.599976,606.0,2280.5,928.75,117.5,1869.300049,16996.599609,155.199997,2767.550049,35310.199219,16569.550781
2022-06-07,2226.550049,291.399994,2745.149902,12336.349609,5878.600098,3383.449951,972.75,4143.950195,2647.199951,1362.849976,604.450012,2211.600098,923.700012,118.099998,1858.150024,16762.900391,157.25,2772.75,34996.0,16416.349609
2022-06-08,2176.449951,284.5,2705.550049,12464.0,5954.299805,3361.5,962.950012,4199.149902,2645.850098,1367.300049,600.0,2197.050049,913.700012,117.949997,1845.5,16735.449219,157.050003,2724.050049,34946.148438,16356.25
2022-06-09,2218.199951,287.75,2687.75,12474.299805,5898.549805,3347.25,971.950012,4322.899902,2713.399902,1377.349976,604.900024,2197.699951,920.299988,118.300003,1865.199951,16772.449219,155.149994,2798.75,35085.449219,16478.099609
2022-06-10,2201.149902,280.100006,2708.75,12250.650391,5667.5,3360.850098,966.799988,4351.549805,2712.699951,1350.650024,592.650024,2199.899902,913.200012,117.300003,1791.800049,16780.050781,155.25,2714.25,34483.800781,16201.799805
2022-06-13,2081.449951,266.200012,2661.949951,11390.900391,5358.25,3359.0,954.75,4267.200195,2700.199951,1327.300049,583.299988,2196.899902,865.450012,113.650002,1737.349976,16857.25,148.899994,2662.899902,33405.851563,15774.400391
2022-06-14,2196.5,266.649994,2635.350098,11334.799805,5375.75,3382.850098,964.700012,4311.049805,2719.949951,1310.849976,572.200012,2171.0,844.200012,110.300003,1739.699951,16870.400391,151.399994,2628.100098,33311.351563,15732.099609
2022-06-15,2184.300049,272.049988,2660.649902,11813.849609,5484.950195,3385.399902,968.799988,4335.5,2718.199951,1307.849976,579.75,2146.550049,843.299988,109.199997,1736.650024,16822.300781,148.149994,2596.300049,33339.0,15692.150391
2022-06-16,2082.850098,259.299988,2657.449951,11474.5,5283.899902,3390.399902,940.950012,4287.5,2649.949951,1281.150024,571.099976,2146.699951,809.599976,108.25,1675.800049,16872.800781,142.949997,2560.0,32617.099609,15360.599609
2022-06-17,2096.050049,261.299988,2583.199951,11758.400391,5419.549805,3332.100098,914.75,4146.700195,2603.100098,1290.099976,551.25,2110.449951,806.900024,104.300003,1673.599976,16683.300781,140.449997,2590.0,32743.050781,15293.5
2022-06-20,2083.199951,248.25,2659.550049,11713.200195,5470.450195,3378.600098,925.849976,4151.799805,2622.300049,1322.0,553.5,2195.899902,784.049988,103.0,1679.199951,16964.050781,137.25,2543.050049,32684.800781,15350.150391
2022-06-21,2160.899902,254.050003,2678.800049,11735.099609,5549.149902,3429.300049,938.200012,4268.649902,2702.25,1335.849976,564.299988,2205.0,798.849976,70.5,1681.5,16953.449219,139.949997,2584.100098,33191.75,15638.799805
2022-06-22,2089.199951,247.300003,2668.25,11435.0,5439.600098,3403.649902,916.900024,4260.899902,2660.100098,1330.25,551.849976,2202.850098,777.650024,70.400002,1669.699951,16780.599609,137.649994,2505.600098,32845.300781,15413.299805
2022-06-23,2109.449951,252.600006,2758.600098,11560.200195,5448.149902,3411.449951,933.349976,4294.899902,2818.449951,1336.900024,558.0,2252.600098,784.950012,71.566666,1684.099976,16999.5,136.5,2464.949951,33135.0,15556.650391
2022-06-24,2161.5,264.450012,2760.100098,11581.200195,5587.75,3469.350098,933.700012,4309.649902,2876.800049,1353.900024,561.349976,2303.899902,806.5,72.333336,1698.400024,17229.150391,136.600006,2500.050049,33627.449219,15699.25
2022-06-27,2181.399902,272.899994,2820.600098,11594.799805,5641.200195,3459.100098,932.349976,4320.549805,2845.850098,1356.099976,557.799988,2320.649902,823.5,73.066666,1691.550049,17350.550781,138.5,2492.649902,33811.25,15832.049805
2022-06-28,2205.0,270.25,2728.899902,11363.200195,5576.25,3434.699951,945.099976,4374.600098,2861.699951,1345.650024,566.099976,2317.649902,816.599976,72.266663,1668.800049,17414.199219,138.600006,2527.699951,33642.449219,15850.200195
2022-06-29,2220.800049,270.049988,2698.649902,11114.450195,5512.799805,3404.149902,947.650024,4364.350098,2891.449951,1343.949951,540.950012,2233.449951,808.799988,73.199997,1642.449951,17498.75,141.75,2580.149902,33269.898438,15799.099609
2022-06-30,2189.850098,262.850006,2697.5,10929.299805,5400.5,3466.399902,917.200012,4393.799805,2793.800049,1347.5,550.200012,2230.600098,794.349976,74.25,1661.099976,17493.150391,142.899994,2595.649902,33425.101563,15780.25
2022-07-01,2231.600098,263.25,2772.949951,11326.349609,5614.399902,3584.350098,949.299988,4385.899902,2783.300049,1353.650024,565.549988,2282.350098,807.200012,74.550003,1667.75,17789.199219,140.649994,2408.699951,33539.449219,15752.049805
2022-07-04,2260.600098,261.700012,2790.75,11381.75,5630.299805,3700.449951,930.650024,4354.450195,2796.550049,1355.400024,574.200012,2375.199951,832.0,74.400002,1670.900024,17973.400391,141.399994,2413.699951,33940.898438,15835.349609
2022-07-05,2245.399902,262.75,2766.199951,11519.150391,5661.100098,3656.600098,937.400024,4394.200195,2799.300049,1352.0,565.0,2401.5,824.049988,73.550003,1663.050049,17978.300781,140.850006,2433.25,33815.898438,15810.849609
2022-07-06,2271.449951,262.700012,2861.75,12042.549805,5916.700195,3830.800049,945.599976,4390.0,2911.699951,1371.5,558.049988,2498.399902,836.549988,72.550003,1704.5,18397.650391,138.949997,2411.850098,34324.25,15989.799805
2022-07-07,2275.25,275.600006,2890.699951,11965.799805,5860.700195,3810.25,935.25,4336.450195,2942.649902,1396.050049,554.599976,2472.949951,861.0,72.699997,1738.5,18214.550781,140.449997,2388.100098,34920.300781,16132.900391
2022-07-08,2293.050049,271.549988,2880.350098,12004.799805,5873.200195,3816.949951,935.450012,4406.200195,2929.75,1396.75,545.349976,2496.850098,848.599976,72.699997,1744.75,18402.400391,143.699997,2391.399902,35124.050781,16220.599609
2022-07-11,2371.550049,285.100006,2932.199951,11932.650391,5861.5,3795.399902,947.549988,4501.0,3047.100098,1405.550049,546.700012,2490.600098,858.349976,72.550003,1741.25,18477.949219,144.800003,2423.899902,35469.648438,16216.0
2022-07-12,2365.850098,292.75,2892.25,11860.0,5873.549805,3725.5,935.75,4483.700195,2953.149902,1391.650024,539.5,2449.550049,847.049988,70.650002,1718.949951,18124.099609,147.100006,2420.449951,35132.25,16058.299805
2022-07-13,2352.449951,286.649994,2941.399902,11769.049805,5878.899902,3726.0,953.349976,4501.600098,2965.75,1357.650024,539.700012,2497.75,819.049988,70.400002,1742.050049,18256.449219,148.600006,2377.550049,34827.800781,15966.650391
2022-07-14,2385.949951,283.700012,2939.649902,11730.849609,5830.850098,3774.149902,951.150024,4575.399902,2955.25,1351.300049,537.200012,2497.800049,820.900024,70.699997,1770.050049,18369.699219,148.300003,2397.149902,34651.199219,15938.650391
2022-07-15,2404.699951,286.75,2978.25,11838.900391,5915.200195,3848.899902,966.049988,4546.0,3034.899902,1363.849976,539.700012,2568.5,815.049988,70.349998,1787.699951,18752.300781,149.75,2401.800049,34682.648438,16049.200195
2022-07-18,2424.0,289.850006,3019.199951,12246.650391,6059.799805,3774.949951,967.349976,4466.100098,3035.149902,1347.650024,543.25,2553.5,851.049988,71.150002,1845.650024,18619.349609,149.800003,2422.25,35358.699219,16278.5
2022-07-19,2450.550049,293.350006,3018.050049,12445.299805,6065.950195,3787.449951,960.650024,4447.899902,3077.699951,1347.599976,535.849976,2567.949951,868.099976,72.0,1834.949951,18382.0,150.75,2437.100098,35720.351563,16340.549805
2022-07-20,2451.100098,289.899994,3011.75,12417.299805,6074.399902,3828.300049,981.5,4458.75,3039.350098,1365.699951,524.900024,2604.5,879.299988,72.300003,1827.75,18608.449219,150.550003,2503.0,35972.101563,16520.849609
2022-07-21,2495.949951,294.0,3069.300049,12718.25,6266.899902,3855.5,968.5,4371.100098,3082.899902,1361.0,529.150024,2607.449951,948.099976,72.599998,1800.550049,18840.300781,150.850006,2486.300049,36201.0,16605.25
2022-07-22,2499.0,291.299988,3066.149902,12741.049805,6258.25,3871.449951,972.099976,4373.5,3147.050049,1392.849976,534.900024,2640.600098,942.450012,72.199997,1827.099976,18982.699219,148.949997,2503.100098,36738.949219,16719.449219
2022-07-25,2549.850098,291.700012,3105.850098,12610.650391,6227.0,3885.899902,959.799988,4330.549805,3083.25,1396.099976,526.75,2623.600098,962.049988,72.150002,1795.550049,18753.800781,150.100006,2420.399902,36726.398438,16631.0
2022-07-26,2560.550049,297.700012,3107.600098,13314.75,6264.450195,3807.149902,955.700012,4212.0,3025.100098,1392.550049,521.849976,2547.100098,961.599976,71.650002,1761.599976,18510.699219,150.0,2421.5,36408.5,16483.849609
2022-07-27,2547.699951,312.450012,3185.449951,13303.150391,6396.350098,3854.550049,974.049988,4286.049805,3057.199951,1404.099976,521.25,2581.949951,979.799988,72.099998,1754.099976,18544.650391,149.699997,2419.199951,36783.75,16641.800781
2022-07-28,2550.800049,321.950012,3263.199951,14652.299805,7076.600098,3869.350098,967.450012,4260.049805,3052.899902,1416.949951,532.650024,2620.100098,1017.700012,72.099998,1828.5,19104.449219,150.350006,2457.100098,37378.148438,16929.599609
2022-07-29,2569.399902,313.950012,3332.350098,15039.299805,7209.100098,3900.399902,977.400024,4090.350098,3092.899902,1434.449951,555.549988,2637.399902,1043.5,72.949997,1810.349976,19352.400391,152.949997,2509.449951,37491.398438,17158.25
2022-08-01,2658.899902,321.850006,3323.75,15072.299805,7261.0,3855.649902,1004.549988,4110.450195,3088.850098,1445.150024,545.950012,2593.0,1040.150024,71.150002,1855.75,19257.900391,156.5,2574.850098,37903.199219,17340.050781
2022-08-02,2682.899902,328.549988,3396.050049,15215.75,7341.899902,3788.149902,1004.200012,4085.399902,3119.649902,1428.849976,538.549988,2635.25,1067.25,71.949997,1884.599976,19466.0,159.550003,2584.649902,38024.0,17345.449219
2022-08-03,2711.550049,339.600006,3439.699951,15243.650391,7296.350098,3770.0,1011.849976,4096.299805,3139.199951,1433.150024,535.299988,2626.350098,1058.300049,71.050003,1851.099976,19370.900391,159.649994,2606.350098,37989.25,17388.150391
2022-08-04,2723.199951,347.25,3459.449951,15178.900391,7316.649902,3775.050049,1044.5,4147.950195,3144.449951,1430.349976,534.849976,2627.949951,1050.199951,71.199997,1835.550049,19842.349609,154.699997,2571.899902,37755.550781,17382.0
2022-08-05,2697.600098,332.049988,3473.449951,15088.950195,7304.700195,3688.100098,1034.199951,4156.850098,3087.449951,1426.550049,539.299988,2645.399902,1036.300049,73.050003,1833.900024,19926.099609,155.600006,2534.0,37920.601563,17397.5
2022-08-08,2792.350098,328.600006,3456.5,15534.200195,7342.200195,3631.399902,1029.550049,4223.350098,3114.800049,1460.949951,536.75,2650.350098,1050.199951,73.349998,1844.5,19696.849609,159.399994,2567.149902,38237.398438,17525.099609
2022-08-10,2826.850098,339.75,3412.449951,15643.25,7149.399902,3647.75,1038.349976,4243.299805,3154.550049,1466.0,541.049988,2642.800049,1063.099976,72.550003,1828.349976,19765.199219,155.75,2582.5,38287.851563,17534.75
2022-08-11,2833.25,342.399994,3404.899902,15729.299805,7318.950195,3640.300049,1038.400024,4258.299805,3175.0,1486.75,541.5,2613.699951,1079.199951,70.949997,1853.5,19637.0,153.649994,2591.100098,38879.851563,17659.0
2022-08-12,2864.350098,345.149994,3426.0,15770.349609,7309.399902,3659.75,1027.150024,4260.799805,3213.600098,1484.75,545.25,2594.949951,1080.449951,71.5,1841.199951,19526.699219,158.5,2633.0,39042.300781,17698.150391
2022-08-16,2974.850098,362.350006,3499.649902,15914.299805,7286.100098,3690.449951,1034.550049,4297.799805,3337.850098,1501.949951,570.549988,2644.5,1084.449951,73.099998,1846.349976,19697.150391,158.75,2651.300049,39239.648438,17825.25
2022-08-17,3008.899902,380.450012,3521.800049,16828.550781,7527.100098,3705.199951,1025.75,4315.899902,3398.300049,1509.199951,590.0,2684.649902,1088.599976,73.349998,1839.699951,19729.400391,161.449997,2665.149902,39461.699219,17944.25
2022-08-18,3153.649902,399.450012,3535.600098,16810.75,7488.25,3693.050049,1032.199951,4225.100098,3408.800049,1511.449951,586.700012,2682.050049,1105.099976,72.650002,1904.5,19566.900391,160.800003,2661.300049,39656.148438,17956.5
2022-08-19,3129.050049,411.950012,3482.300049,16292.849609,7301.700195,3662.550049,1030.099976,4204.0,3427.649902,1493.449951,576.099976,2634.550049,1063.300049,72.099998,1877.0,19438.0,157.75,2613.850098,38985.949219,17758.449219
2022-08-22,3052.0,432.5,3349.350098,15872.650391,7102.200195,3676.449951,1022.549988,4186.950195,3363.149902,1470.150024,566.5,2626.699951,1057.199951,71.349998,1832.050049,19454.650391,156.5,2606.600098,38297.75,17490.699219
2022-08-23,3023.649902,410.899994,3358.25,16309.25,7207.700195,3678.699951,1040.650024,4225.149902,3462.850098,1465.849976,566.0,2592.75,1071.050049,71.099998,1855.75,19598.449219,158.649994,2646.800049,38697.648438,17577.5
2022-08-24,3136.600098,390.399994,3376.850098,16328.150391,7176.899902,3659.149902,1037.349976,4218.049805,3450.199951,1471.300049,566.200012,2588.25,1101.900024,70.550003,1867.599976,19672.800781,160.800003,2639.75,39038.5,17604.949219
2022-08-25,3066.800049,393.5,3363.100098,16246.450195,7047.149902,3646.600098,1025.75,4237.899902,3482.100098,1463.849976,571.200012,2574.199951,1089.949951,71.449997,1868.75,19549.699219,158.899994,2632.050049,38950.75,17522.449219
2022-08-26,3139.449951,375.5,3323.350098,16287.549805,7062.100098,3650.149902,1020.799988,4223.299805,3354.149902,1463.400024,566.700012,2571.550049,1069.75,71.849998,1902.050049,19535.699219,163.399994,2618.0,38987.148438,17558.900391
2022-08-29,3142.699951,394.25,3343.75,16086.75,6964.350098,3707.649902,1017.299988,4210.149902,3285.149902,1440.0,560.799988,2575.800049,1059.199951,71.050003,1850.0,19636.75,160.949997,2597.649902,38276.699219,17312.900391
2022-08-30,3193.600098,413.950012,3391.600098,16966.699219,7306.25,3747.75,1038.449951,4245.049805,3359.25,1486.199951,575.099976,2659.850098,1107.449951,71.550003,1915.449951,19930.75,164.0,2637.949951,39536.75,17759.300781
2022-09-01,3232.75,408.5,3446.899902,17404.0,7181.299805,3718.149902,1023.0,4202.100098,3410.649902,1472.099976,575.799988,2606.0,1111.400024,71.150002,1902.849976,19736.25,160.699997,2560.399902,39301.25,17542.800781
2022-09-02,3356.949951,401.25,3429.699951,17331.150391,7190.350098,3704.25,1015.599976,4189.950195,3421.75,1486.150024,574.900024,2603.600098,1100.75,71.199997,1918.849976,19559.900391,161.800003,2530.5,39421.0,17539.449219
2022-09-05,3347.050049,389.850006,3423.649902,1737.564941,7196.200195,3662.600098,1025.650024,4214.25,3399.449951,1495.050049,573.400024,2600.600098,1108.0,71.0,1937.900024,19263.800781,164.5,2569.800049,39805.75,17665.800781
2022-09-06,3435.850098,407.75,3395.399902,1697.430054,7119.350098,3608.800049,1040.849976,4239.200195,3409.100098,1489.5,574.099976,2573.100098,1108.800049,70.75,1915.699951,19043.900391,168.449997,2596.850098,39666.5,17655.599609
2022-09-07,3473.850098,406.299988,3399.350098,1705.64502,7166.5,3667.899902,1051.5,4249.299805,3384.050049,1482.199951,576.650024,2564.600098,1089.949951,71.400002,1908.25,19178.849609,167.300003,2581.75,39455.898438,17624.400391
2022-09-08,3461.949951,401.899994,3449.449951,1738.14502,7257.649902,3672.649902,1056.050049,4271.649902,3425.050049,1497.050049,584.349976,2577.149902,1108.300049,73.0,1930.050049,19135.0,166.800003,2585.399902,40208.949219,17798.75
2022-09-09,3450.649902,397.0,3439.899902,1720.265015,7180.899902,3649.5,1058.300049,4255.100098,3475.600098,1498.150024,576.0,2588.699951,1137.150024,72.400002,1926.349976,19034.050781,166.600006,2569.300049,40415.699219,17833.349609
2022-09-12,3461.350098,397.600006,3432.300049,1715.780029,7286.899902,3671.850098,1064.75,4261.149902,3537.5,1492.199951,579.900024,2580.399902,1136.849976,72.650002,1924.0,18972.099609,166.399994,2598.050049,40574.0,17936.349609
2022-09-13,3556.149902,393.600006,3422.399902,1784.449951,7403.450195,3757.699951,1058.900024,4252.899902,3523.399902,1511.150024,586.900024,2586.600098,1163.800049,72.25,1923.400024,19051.5,167.399994,2619.75,40873.101563,18070.050781
2022-09-14,3571.649902,384.549988,3438.800049,1806.099976,7483.450195,3747.0,1059.949951,4214.149902,3541.25,1528.900024,576.25,2571.399902,1215.75,71.849998,1954.699951,19098.75,172.350006,2588.350098,41405.398438,18003.75
2022-09-15,3749.149902,399.200012,3394.149902,1772.0,7386.299805,3721.550049,1033.300049,4169.0,3622.5,1520.900024,567.0,2560.399902,1195.849976,71.599998,1934.150024,19000.300781,175.100006,2562.699951,41209.199219,17877.400391
2022-09-16,3701.899902,387.75,3339.550049,1735.099976,7274.100098,3639.550049,1043.5,4077.350098,3555.699951,1493.199951,546.650024,2528.149902,1227.349976,69.949997,1930.300049,18412.25,172.800003,2499.199951,40776.800781,17530.849609
2022-09-19,3778.899902,391.850006,3317.199951,1766.150024,7496.100098,3592.350098,1036.300049,4099.149902,3590.25,1502.900024,548.049988,2579.25,1225.75,69.699997,1929.5,18765.349609,171.0,2502.449951,40904.398438,17622.25
2022-09-20,3835.800049,398.25,3392.399902,1802.800049,7635.399902,3650.600098,1092.300049,4216.0,3711.550049,1518.050049,560.0,2583.550049,1264.099976,69.099998,1939.75,18610.900391,171.899994,2502.850098,41468.300781,17816.25
2022-09-21,3641.449951,390.5,3354.699951,1801.949951,7690.649902,3765.649902,1070.400024,4152.75,3687.949951,1518.75,551.349976,2623.600098,1224.25,68.449997,1918.5,18631.400391,168.600006,2509.75,41203.449219,17718.349609
2022-09-22,3716.699951,396.25,3435.649902,1771.849976,7719.549805,3825.949951,1061.900024,4182.399902,3751.100098,1485.699951,545.700012,2692.75,1216.550049,67.800003,1892.75,18621.150391,168.649994,2486.100098,40630.601563,17629.800781
2022-09-23,3673.899902,385.600006,3393.75,1722.25,7507.149902,3796.699951,1068.099976,4139.200195,3688.899902,1446.5,539.400024,2682.050049,1183.349976,67.449997,1862.699951,18507.150391,163.949997,2439.5,39546.25,17327.349609
2022-09-26,3589.75,366.5,3438.100098,1677.449951,7259.5,3787.5,1065.650024,4127.850098,3514.399902,1425.199951,522.599976,2660.550049,1149.599976,66.050003,1829.0,18454.349609,158.600006,2377.350098,38616.25,17016.300781
2022-09-27,3557.699951,372.549988,3470.399902,1679.650024,7242.850098,3824.149902,1098.699951,4181.600098,3571.25,1414.349976,521.150024,2679.25,1165.099976,66.800003,1799.300049,18674.800781,159.0,2396.25,38359.148438,17007.400391
2022-09-28,3549.100098,367.75,3571.199951,1651.050049,7202.5,3853.199951,1097.150024,4269.700195,3626.800049,1388.25,514.599976,2702.100098,1140.900024,65.800003,1792.599976,18860.25,157.949997,2332.449951,37759.851563,16858.599609
2022-09-29,3472.0,369.450012,3384.800049,1635.599976,7104.75,3864.5,1115.849976,4360.700195,3624.800049,1381.849976,527.650024,2700.550049,1142.25,65.949997,1765.300049,18978.5,159.550003,2325.300049,37647.75,16818.099609
2022-09-30,3451.0,373.5,3342.149902,1678.599976,7335.75,3843.050049,1114.949951,4335.700195,3673.850098,1422.400024,530.049988,2696.449951,1185.199951,67.0,1819.199951,19124.599609,159.649994,2377.75,38631.949219,17094.349609
2022-10-03,3157.149902,354.850006,3301.899902,1646.050049,7171.799805,3768.949951,1130.75,4419.649902,3463.800049,1412.849976,518.799988,2622.5,1156.25,66.75,1783.900024,18900.0,160.350006,2369.5,38029.648438,16887.349609
2022-10-04,3238.399902,352.5,3337.449951,1701.5,7488.700195,3818.149902,1144.650024,4413.950195,3555.0,1452.599976,531.75,2667.949951,1219.25,67.300003,1822.25,19248.699219,162.550003,2413.199951,39110.050781,17274.300781
2022-10-06,3285.899902,370.100006,3328.550049,1710.050049,7404.149902,3767.550049,1134.449951,4397.549805,3531.399902,1436.849976,529.599976,2614.0,1200.900024,67.699997,1818.900024,19296.699219,162.899994,2422.100098,39282.851563,17331.800781
2022-10-07,3277.5,372.850006,3344.75,1699.300049,7345.149902,3785.649902,1130.5,4376.649902,3498.600098,1430.699951,527.150024,2599.699951,1213.400024,67.5,1825.400024,19321.449219,164.300003,2432.350098,39178.050781,17314.650391
2022-10-10,3247.399902,365.350006,3278.199951,1684.099976,7293.399902,3797.850098,1118.849976,4380.0,3532.350098,1415.5,532.650024,2605.600098,1210.300049,67.550003,1808.25,19096.550781,163.949997,2405.800049,39093.101563,17241.0
2022-10-11,3273.350098,356.850006,3300.350098,1673.5,7202.799805,3727.899902,1110.099976,4282.75,3407.699951,1400.699951,522.450012,2550.649902,1164.599976,66.0,1787.900024,18459.449219,161.050003,2357.899902,38712.449219,16983.550781
2022-10-12,3224.25,356.799988,3247.600098,1694.400024,7226.200195,3763.0,1108.449951,4241.149902,3455.550049,1409.400024,526.150024,2591.350098,1189.050049,67.25,1810.199951,18721.349609,165.0,2375.25,39118.550781,17123.599609
2022-10-13,3233.600098,346.850006,3211.25,1681.349976,7151.649902,3784.600098,1103.650024,4254.649902,3471.0,1393.699951,520.650024,2566.399902,1184.25,66.849998,1801.5,18753.0,164.75,2382.800049,38624.0,17014.349609
2022-10-14,3208.0,331.25,3185.600098,1688.449951,7272.5,3796.25,1108.900024,4310.799805,3478.300049,1441.099976,522.900024,2575.800049,1181.599976,66.349998,1834.0,18919.099609,165.100006,2370.699951,39305.601563,17185.699219
2022-10-17,3212.100098,340.649994,3198.300049,1718.800049,7355.200195,3777.699951,1108.150024,4335.200195,3514.550049,1446.349976,523.599976,2590.550049,1199.650024,66.099998,1858.150024,18934.650391,168.449997,2408.75,39920.449219,17311.800781
2022-10-18,3285.0,345.600006,3225.600098,1725.849976,7390.399902,3766.850098,1125.849976,4356.549805,3612.899902,1444.150024,531.25,2602.25,1223.25,66.699997,1859.699951,19385.0,166.949997,2451.25,40318.75,17486.949219
2022-10-19,3277.0,333.600006,3214.100098,1698.900024,7380.399902,3768.5,1122.0,4316.899902,3611.100098,1458.849976,530.950012,2583.0,1218.400024,67.0,1869.349976,19754.650391,164.050003,2493.899902,40373.199219,17512.25
2022-10-20,3357.300049,338.450012,3141.550049,1725.25,7432.399902,3790.149902,1136.800049,4349.049805,3646.149902,1449.199951,537.049988,2600.899902,1159.949951,67.849998,1863.550049,20054.650391,166.949997,2500.600098,40099.550781,17563.949219
2022-10-21,3310.949951,332.200012,3091.899902,1684.0,7192.75,3792.699951,1134.75,4330.799805,3609.899902,1438.400024,541.75,2653.899902,1142.25,67.449997,1902.650024,20276.199219,165.050003,2471.600098,40784.050781,17576.300781
2022-10-24,3309.600098,335.549988,3122.199951,1702.550049,7206.5,3801.850098,1146.900024,4377.5,3641.100098,1460.800049,541.599976,2573.100098,1145.849976,68.099998,1895.800049,20867.900391,166.949997,2479.850098,41304.898438,17730.75
2022-10-25,3300.0,332.350006,3085.25,1659.050049,7102.899902,3713.100098,1155.900024,4442.350098,3711.399902,1450.25,533.450012,2505.399902,1137.449951,67.949997,1846.599976,20281.650391,169.350006,2441.550049,41122.75,17656.349609
2022-10-27,3324.899902,337.399994,3044.600098,1631.199951,6971.100098,3755.300049,1165.900024,4491.200195,3708.100098,1454.25,533.0,2519.0,1142.5,68.300003,1865.0,20101.25,170.649994,2451.149902,41299.300781,17736.949219
2022-10-28,3325.649902,333.299988,3053.550049,1653.300049,7006.850098,3777.699951,1155.199951,4459.950195,3741.649902,1458.5,530.099976,2524.25,1147.0,68.449997,1884.25,20293.550781,174.050003,2526.149902,40990.851563,17786.800781
2022-10-31,3346.350098,334.899994,3106.800049,1687.75,7144.100098,3766.550049,1167.400024,4433.700195,3846.5,1496.400024,540.349976,2550.699951,1142.650024,68.25,1901.949951,20367.900391,173.100006,2549.600098,41307.898438,18012.199219
2022-11-01,3575.600098,348.899994,3157.050049,1708.599976,7209.5,3788.0,1173.400024,4535.299805,3798.449951,1514.050049,544.5,2551.800049,1151.150024,68.5,1909.199951,20590.949219,181.800003,2529.850098,41289.550781,18145.400391
2022-11-02,3578.0,343.149994,3131.300049,1711.099976,7156.200195,3723.949951,1159.25,4555.649902,3728.149902,1513.949951,542.5,2518.300049,1138.199951,68.599998,1909.949951,20387.900391,180.949997,2545.649902,41146.648438,18082.849609
2022-11-03,3591.100098,336.75,3140.5,1723.25,7121.600098,3748.050049,1163.099976,4589.899902,3674.850098,1508.599976,545.299988,2546.350098,1148.0,68.75,1900.150024,20418.800781,178.149994,2555.149902,41298.351563,18052.699219
2022-11-04,3832.350098,346.850006,3180.850098,1801.699951,7212.0,3804.199951,1146.099976,4525.100098,3664.449951,1497.099976,539.200012,2520.350098,1152.699951,68.550003,1899.949951,20424.5,176.949997,2592.75,41258.449219,18117.150391
2022-11-07,3961.149902,348.600006,3105.550049,1777.449951,7190.049805,4139.25,1130.900024,4485.450195,3755.899902,1508.800049,536.25,2532.800049,1144.150024,70.0,1882.599976,20494.599609,175.850006,2606.600098,41686.699219,18202.800781
2022-11-09,3997.149902,365.799988,3087.100098,1753.5,7144.0,4175.350098,1129.400024,4534.899902,3732.800049,1508.25,531.75,2508.800049,1149.0,69.599998,1893.400024,20322.650391,173.399994,2604.0,41783.199219,18157.0
2022-11-10,3992.899902,371.399994,3045.949951,1700.199951,6975.100098,4134.649902,1122.300049,4549.450195,3701.75,1525.25,528.25,2513.600098,1127.349976,69.650002,1912.150024,20159.800781,172.100006,2572.5,41603.75,18028.199219
2022-11-11,4008.699951,360.200012,3054.600098,1718.25,7051.450195,4098.649902,1121.400024,4539.450195,3515.649902,1610.949951,542.599976,2503.050049,1140.0,69.75,1899.099976,20329.5,171.449997,2631.800049,42137.050781,18349.699219
2022-11-14,4021.050049,359.799988,3054.649902,1718.349976,7025.799805,4103.950195,1129.5,4363.649902,3516.149902,1614.400024,538.75,2457.800049,1152.949951,69.400002,1922.800049,20059.5,171.449997,2619.050049,42076.75,18329.150391
2022-11-15,4057.550049,357.049988,3081.800049,1705.349976,7025.75,4139.350098,1118.75,4433.700195,3510.199951,1619.349976,533.049988,2457.5,1152.849976,69.650002,1912.400024,20059.5,172.100006,2607.300049,42372.699219,18403.400391
2022-11-16,3956.449951,345.149994,3083.800049,1685.75,6895.049805,4131.5,1121.199951,4481.0,3502.449951,1632.25,528.150024,2477.850098,1144.099976,69.349998,1965.900024,20097.0,169.949997,2592.350098,42535.300781,18409.650391
2022-11-17,4017.649902,336.0,3072.199951,1664.599976,6895.049805,4125.200195,1119.5,4421.299805,3443.800049,1617.300049,531.099976,2460.0,1146.5,69.099998,1950.550049,19985.349609,168.300003,2599.050049,42458.050781,18343.900391
2022-11-18,4019.850098,336.5,3098.649902,1654.650024,6791.5,4106.049805,1102.400024,4409.049805,3388.899902,1613.550049,531.75,2483.699951,1128.650024,69.199997,1959.550049,19946.099609,165.850006,2597.649902,42437.449219,18307.650391
2022-11-21,4001.100098,331.200012,3097.25,1635.199951,6679.100098,4120.049805,1104.449951,4349.850098,3379.75,1597.0,532.150024,2501.399902,1139.0,70.050003,1944.099976,19757.599609,164.399994,2550.899902,42346.550781,18159.949219
2022-11-22,4035.600098,328.5,3104.050049,1643.150024,6685.049805,4157.600098,1104.099976,4362.5,3374.449951,1593.900024,539.950012,2515.699951,1169.400024,70.0,1939.75,19607.349609,167.050003,2565.050049,42457.050781,18244.199219
2022-11-23,3903.649902,325.950012,3101.399902,1635.949951,6780.049805,4155.149902,1108.0,4405.649902,3381.399902,1599.0,547.549988,2507.350098,1174.349976,69.900002,1953.349976,19546.849609,168.050003,2557.050049,42729.101563,18267.25
2022-11-24,3922.0,324.950012,3114.850098,1634.150024,6771.350098,4191.200195,1095.349976,4413.850098,3378.699951,1625.900024,572.450012,2549.149902,1175.550049,72.050003,1944.849976,19783.300781,169.5,2579.100098,43075.398438,18484.099609
2022-11-25,3903.350098,323.950012,3107.149902,1633.25,6747.5,4183.700195,1105.349976,4418.100098,3413.300049,1617.199951,586.549988,2537.449951,1187.099976,73.349998,1928.400024,19527.800781,169.75,2617.600098,42983.949219,18512.75
2022-11-28,3885.25,328.25,3151.800049,1653.150024,6777.450195,4213.049805,1101.75,4402.0,3442.75,1599.75,585.700012,2525.199951,1197.849976,76.150002,1928.150024,19821.0,170.399994,2707.550049,43020.449219,18562.75
2022-11-29,3879.199951,324.700012,3133.75,1632.199951,6734.149902,4285.350098,1121.150024,4453.350098,3415.100098,1597.650024,584.799988,2634.199951,1180.599976,75.25,1925.550049,20118.550781,170.149994,2712.199951,43053.449219,18618.050781
2022-11-30,3920.050049,332.75,3182.300049,1626.800049,6720.950195,4362.299805,1139.650024,4487.149902,3488.149902,1608.75,590.400024,2684.350098,1167.800049,76.650002,1947.050049,20105.849609,172.199997,2731.350098,43231.0,18758.349609
2022-12-01,3914.899902,330.399994,3181.100098,1639.050049,6747.75,4401.25,1124.900024,4474.350098,3437.449951,1619.150024,597.099976,2662.850098,1173.900024,76.199997,1934.300049,20049.949219,172.199997,2723.300049,43260.648438,18812.5
2022-12-02,3921.449951,325.299988,3143.100098,1642.949951,6675.75,4432.899902,1114.349976,4510.399902,3331.800049,1607.099976,590.0,2615.100098,1178.699951,77.0,1930.800049,19746.900391,172.149994,2722.149902,43103.75,18696.099609
2022-12-05,3929.550049,323.049988,3157.550049,1634.0,6660.450195,4403.350098,1115.349976,4479.399902,3343.350098,1612.300049,588.599976,2619.850098,1195.5,77.0,1938.449951,19761.599609,175.149994,2682.449951,43332.949219,18701.050781
2022-12-06,4031.0,324.799988,3160.399902,1635.25,6698.549805,4424.350098,1109.599976,4374.200195,3299.449951,1611.949951,586.75,2654.550049,1184.099976,75.849998,1935.25,19910.75,175.199997,2690.199951,43138.550781,18642.75
2022-12-07,3998.300049,324.450012,3226.649902,1607.0,6625.200195,4393.549805,1105.300049,4361.5,3266.100098,1609.949951,581.75,2707.350098,1164.650024,76.699997,1911.449951,19910.199219,171.850006,2650.5,43098.699219,18560.5
2022-12-08,4025.550049,323.75,3220.75,1618.099976,6581.950195,4394.899902,1107.5,4356.200195,3321.800049,1619.5,577.549988,2705.449951,1190.849976,76.75,1897.0,19803.650391,170.350006,2649.25,43596.851563,18609.349609
2022-12-09,3995.800049,316.049988,3227.399902,1598.449951,6517.450195,4410.299805,1107.900024,4407.100098,3356.850098,1631.300049,579.75,2722.25,1202.5,77.0,1888.050049,20247.050781,169.5,2609.100098,43633.449219,18496.599609
2022-12-12,4016.600098,310.200012,3164.75,1591.949951,6506.5,4432.549805,1096.800049,4452.25,3319.75,1643.550049,576.400024,2717.25,1206.75,78.849998,1865.75,20482.349609,168.899994,2613.100098,43708.75,18497.150391
2022-12-13,4058.850098,323.0,3178.199951,1611.199951,6620.100098,4426.549805,1109.900024,4458.149902,3312.149902,1648.349976,582.450012,2710.300049,1234.949951,77.75,1868.5,20392.25,169.199997,2625.0,43946.550781,18608.0
2022-12-14,4056.399902,319.350006,3147.850098,1622.599976,6655.200195,4409.700195,1112.699951,4504.549805,3373.899902,1661.599976,580.099976,2684.649902,1253.150024,78.150002,1873.199951,20053.199219,171.600006,2615.5,44049.101563,18660.300781
2022-12-15,4043.050049,315.450012,3129.399902,1603.449951,6625.399902,4465.450195,1101.800049,4468.950195,3301.699951,1630.699951,579.349976,2663.25,1239.599976,78.050003,1863.199951,19730.849609,172.100006,2578.350098,43498.199219,18414.900391
2022-12-16,3979.100098,307.899994,3057.449951,1587.199951,6596.899902,4444.700195,1089.400024,4309.100098,3291.449951,1638.699951,575.25,2671.300049,1229.550049,77.099998,1840.550049,19751.050781,169.800003,2565.600098,43219.5,18269.0
2022-12-19,4081.300049,305.799988,3081.050049,1618.900024,6687.0,4526.5,1096.650024,4396.049805,3388.449951,1644.5,584.400024,2718.100098,1223.550049,77.949997,1858.150024,20086.650391,171.800003,2599.300049,43413.75,18420.449219
2022-12-20,4164.25,305.75,3081.350098,1615.150024,6642.850098,4509.049805,1091.150024,4369.75,3312.800049,1631.449951,579.799988,2674.550049,1228.650024,77.800003,1847.099976,20132.0,169.75,2621.800049,43359.5,18385.300781
2022-12-21,3902.949951,290.5,3070.949951,1584.75,6526.700195,4418.850098,1128.0,4407.549805,3268.949951,1617.349976,575.25,2666.199951,1201.800049,76.349998,1814.599976,20320.900391,167.949997,2584.5,42617.949219,18199.099609
2022-12-22,3867.100098,276.0,3090.850098,1544.400024,6490.649902,4391.450195,1122.449951,4349.25,3205.949951,1610.75,578.150024,2645.350098,1180.150024,75.150002,1826.050049,20297.0,165.899994,2577.800049,42408.800781,18127.349609
2022-12-23,3640.949951,262.200012,3056.75,1497.050049,6374.600098,4331.899902,1119.150024,4310.450195,3115.100098,1597.650024,565.200012,2621.100098,1147.849976,72.949997,1821.949951,20146.550781,163.0,2502.199951,41668.050781,17806.800781
2022-12-26,3715.649902,275.299988,3057.5,1534.949951,6433.700195,4375.350098,1096.5,4248.600098,3159.600098,1628.150024,569.349976,2617.449951,1195.699951,74.400002,1813.550049,19896.050781,165.649994,2524.050049,0.0,18014.599609
2022-12-27,3769.649902,289.049988,3109.800049,1537.699951,6504.700195,4369.25,1095.849976,4250.850098,3200.449951,1630.650024,569.950012,2593.25,1202.349976,75.099998,1820.900024,19779.849609,165.199997,2544.699951,42859.5,18132.300781
2022-12-28,3796.949951,303.5,3124.0,1524.449951,6476.100098,4385.950195,1085.800049,4252.75,3209.5,1629.449951,568.200012,2583.600098,1214.150024,74.849998,1820.099976,19850.599609,165.850006,2544.449951,42827.699219,18122.5
2022-12-29,3810.0,304.5,3115.300049,1514.900024,6510.899902,4348.299805,1087.550049,4260.600098,3280.0,1640.900024,570.400024,2568.050049,1231.150024,74.849998,1818.75,19822.099609,166.75,2543.300049,43252.351563,18191.0
2022-12-30,3859.350098,299.549988,3091.800049,1548.449951,6575.200195,4307.450195,1075.949951,4237.549805,3229.100098,1627.300049,566.450012,2561.050049,1220.099976,76.5,1827.25,19598.800781,166.449997,2547.199951,42986.449219,18105.300781
2023-01-02,3840.699951,298.149994,3046.350098,1552.400024,6553.75,4292.149902,1070.949951,4235.049805,3229.0,1629.150024,570.349976,2558.399902,1226.349976,78.0,1825.050049,19563.949219,168.0,2575.899902,43203.101563,18197.449219
2023-01-03,3830.350098,294.75,3028.5,1563.25,6606.25,4241.850098,1075.900024,4238.350098,3212.550049,1639.699951,595.5,2542.050049,1240.949951,78.550003,1832.849976,19733.199219,167.600006,2557.050049,43425.25,18232.550781
2023-01-04,3827.550049,286.600006,3016.050049,1547.449951,6571.0,4235.0,1066.900024,4253.5,3216.300049,1610.550049,598.400024,2536.100098,1223.099976,78.099998,1820.75,19534.599609,166.600006,2518.550049,42958.800781,18042.949219
2023-01-05,3829.100098,288.75,3004.899902,1468.550049,6100.049805,4313.200195,1088.349976,4297.5,3257.350098,1599.699951,609.450012,2583.699951,1215.849976,79.099998,1820.300049,19759.199219,169.899994,2514.050049,42608.699219,17992.150391
2023-01-06,3824.350098,283.399994,2979.300049,1429.900024,5980.399902,4359.049805,1076.349976,4271.75,3251.050049,1594.349976,611.549988,2576.449951,1181.900024,80.0,1786.800049,19884.050781,169.0,2536.899902,42188.800781,17859.449219
2023-01-09,3854.199951,287.700012,2982.899902,1412.650024,5993.350098,4364.299805,1087.449951,4334.0,3261.199951,1597.400024,608.450012,2624.050049,1218.650024,80.099998,1811.900024,20076.949219,170.399994,2596.800049,42582.75,18101.199219
2023-01-10,3647.199951,279.200012,2960.449951,1413.5,5904.149902,4326.850098,1078.699951,4288.700195,3167.399902,1569.300049,600.200012,2643.850098,1227.550049,80.599998,1795.550049,20020.199219,167.949997,2558.399902,42014.75,17914.150391
2023-01-11,3635.199951,276.200012,2940.149902,1400.099976,5895.75,4314.299805,1047.599976,4261.899902,3136.149902,1590.800049,599.650024,2593.25,1213.25,83.449997,1801.849976,19763.449219,166.050003,2526.149902,42232.699219,17895.699219
2023-01-12,3645.350098,273.649994,2915.800049,1387.849976,5898.399902,4299.25,1061.150024,4310.600098,3103.25,1599.699951,597.849976,2590.050049,1209.150024,81.599998,1779.5,19878.900391,165.949997,2471.600098,42082.25,17858.199219
2023-01-13,3721.399902,278.700012,2909.199951,1391.599976,5977.799805,4336.100098,1067.75,4320.399902,3164.800049,1600.849976,604.549988,2624.0,1234.400024,82.300003,1780.300049,19782.25,167.800003,2467.600098,42371.25,17956.599609
2023-01-16,3619.0,272.950012,2917.050049,1384.300049,6010.899902,4309.600098,1059.599976,4326.049805,3139.350098,1585.25,604.099976,2597.100098,1239.25,82.199997,1784.800049,19741.050781,165.949997,2444.100098,42167.550781,17894.849609
2023-01-17,3638.850098,281.950012,2941.350098,1373.050049,5984.950195,4362.049805,1069.099976,4351.75,3184.300049,1608.599976,609.549988,2667.550049,1230.349976,81.599998,1797.650024,19925.900391,167.699997,2478.800049,42235.050781,18053.300781
2023-01-18,3595.350098,278.700012,2945.850098,1366.699951,5998.649902,4393.700195,1063.400024,4364.350098,3178.350098,1636.949951,600.5,2686.199951,1223.0,82.150002,1799.099976,19821.550781,169.449997,2474.699951,42458.0,18165.349609
2023-01-19,3461.600098,277.549988,2868.050049,1354.650024,6012.450195,4372.399902,1064.849976,4332.200195,3167.800049,1644.099976,605.150024,2649.75,1200.550049,83.25,1767.300049,19675.400391,168.699997,2472.050049,42328.851563,18107.849609
2023-01-20,3456.399902,275.049988,2788.100098,1333.25,5860.399902,4318.950195,1053.449951,4350.600098,3147.899902,1660.800049,590.549988,2548.75,1202.449951,82.900002,1762.900024,19199.449219,168.699997,2442.649902,42506.800781,18027.650391
2023-01-23,3434.5,273.200012,2785.75,1332.550049,5863.0,4337.850098,1062.550049,4337.850098,3202.199951,1672.650024,589.200012,2596.399902,1204.699951,83.400002,1783.75,19368.5,166.850006,2430.300049,42821.25,18118.550781
2023-01-24,3442.75,274.649994,2810.300049,1332.900024,5855.049805,4396.049805,1062.150024,4252.75,3224.5,1695.300049,589.400024,2600.5,1212.300049,83.099998,1760.25,19283.599609,166.050003,2415.949951,42733.449219,18118.300781
2023-01-25,3389.850098,261.0,2774.0,1314.75,5795.899902,4388.149902,1035.25,4200.950195,3220.949951,1648.199951,585.150024,2622.350098,1156.150024,82.5,1749.800049,19257.650391,165.899994,2382.550049,41647.648438,17891.949219
2023-01-27,2762.149902,247.949997,2726.600098,1314.849976,5760.700195,4380.399902,1047.25,4314.0,3167.600098,1615.849976,586.5,2612.149902,1116.400024,80.949997,1713.099976,19213.199219,166.300003,2337.350098,40345.300781,17604.349609
2023-01-30,2878.5,235.550003,2766.199951,1344.0,6021.799805,4406.75,1034.400024,4328.799805,3191.5,1614.300049,587.599976,2568.149902,1089.050049,81.699997,1726.25,19180.349609,168.850006,2359.75,40387.449219,17648.949219
2023-01-31,2975.0,223.800003,2726.600098,1343.150024,5886.399902,4317.600098,1017.950012,4324.149902,3266.199951,1603.449951,578.950012,2576.75,1082.949951,81.800003,1731.0,19015.550781,171.149994,2353.850098,40655.050781,17662.150391
2023-02-01,2128.699951,212.649994,2743.699951,1267.300049,5817.200195,4370.950195,1032.050049,4351.5,3305.399902,1627.050049,515.5,2574.25,1041.849976,79.800003,1744.699951,19076.199219,170.0,2339.899902,40513.0,17616.300781
2023-02-02,1564.699951,202.050003,2705.850098,1271.949951,5717.649902,4573.049805,1025.300049,4370.100098,3216.75,1603.25,492.75,2634.850098,1075.900024,78.5,1761.75,18957.949219,166.899994,2326.949951,40669.300781,17610.400391
2023-02-03,1584.199951,191.949997,2760.149902,1337.5,6014.25,4628.850098,1022.299988,4358.350098,3316.449951,1658.699951,489.100006,2648.75,1103.550049,78.449997,1780.300049,19010.050781,165.550003,2329.0,41499.699219,17854.050781
2023-02-06,1572.400024,182.350006,2755.699951,1343.0,6104.200195,4625.649902,1029.800049,4349.549805,3260.649902,1651.75,482.450012,2637.600098,1129.150024,79.25,1747.0,19029.650391,166.050003,2311.449951,41374.648438,17764.599609
2023-02-07,1802.5,173.25,2758.25,1351.199951,6160.549805,4606.850098,1031.300049,4440.25,3276.399902,1653.400024,483.100006,2601.199951,1142.900024,79.0,1775.400024,18983.75,165.25,2305.899902,41490.949219,17721.5
2023-02-08,2158.649902,181.899994,2765.550049,1369.0,6351.649902,4594.799805,1039.099976,4487.799805,3226.149902,1653.599976,508.399994,2582.800049,1145.349976,79.25,1765.5,19001.400391,165.5,2351.949951,41537.648438,17871.699219
2023-02-09,1927.300049,172.800003,2815.300049,1400.5,6455.0,4637.350098,1021.5,4487.5,3236.75,1649.300049,518.700012,2586.699951,1163.800049,79.650002,1770.900024,19001.300781,166.0,2356.050049,41554.300781,17893.449219
2023-02-10,1847.349976,164.199997,2804.899902,1401.349976,6435.5,4622.700195,1033.199951,4499.600098,3212.800049,1656.449951,522.549988,2577.5,1161.199951,79.800003,1772.050049,19032.199219,165.0,2336.649902,41559.398438,17856.5
2023-02-13,1717.550049,156.0,2790.050049,1388.0,6345.5,4588.0,1021.950012,4524.700195,3252.399902,1658.599976,514.450012,2581.0,1157.349976,79.449997,1773.800049,19037.349609,167.850006,2323.350098,41282.199219,17770.900391
2023-02-14,1750.300049,148.199997,2777.300049,1399.699951,6458.700195,4599.850098,1028.349976,4538.399902,3174.850098,1673.300049,512.900024,2579.600098,1156.849976,79.150002,1770.349976,19082.849609,166.050003,2378.100098,41648.351563,17929.849609
2023-02-15,1778.449951,140.800003,2788.949951,1419.849976,6489.950195,4588.450195,1030.800049,4519.850098,3312.5,1668.699951,518.849976,2548.449951,1149.599976,79.5,1785.5,19245.800781,165.800003,2431.949951,41731.050781,18015.849609
2023-02-16,1796.300049,147.800003,2806.949951,1426.5,6437.299805,4572.0,1035.5,4519.299805,3287.899902,1664.75,514.549988,2527.100098,1148.349976,79.800003,1787.949951,19620.699219,167.399994,2430.050049,41631.351563,18035.849609
2023-02-17,1721.75,155.149994,2835.300049,1413.900024,6416.700195,4533.25,1025.75,4510.350098,3285.699951,1656.300049,504.200012,2515.5,1114.699951,80.550003,1759.25,19008.949219,168.050003,2440.199951,41131.75,17944.199219
2023-02-20,1619.550049,162.899994,2827.350098,1404.949951,6367.399902,4453.799805,964.0,4474.799805,3289.699951,1639.800049,507.950012,2511.449951,1109.300049,79.550003,1737.300049,18821.050781,167.899994,2414.399902,40701.699219,17844.599609
2023-02-21,1568.400024,171.0,2817.0,1393.699951,6379.25,4503.350098,965.950012,4486.149902,3275.949951,1646.949951,501.0,2516.149902,1101.75,79.199997,1730.199951,18843.949219,173.25,2434.100098,40673.601563,17826.699219
2023-02-22,1404.849976,162.449997,2795.899902,1361.300049,6198.649902,4484.5,962.549988,4476.700195,3247.850098,1614.550049,495.100006,2494.050049,1092.75,77.300003,1700.550049,18666.349609,170.5,2378.899902,39995.898438,17554.300781
2023-02-23,1383.599976,154.350006,2706.350098,1347.550049,6202.350098,4451.5,960.299988,4449.600098,3245.199951,1603.349976,486.399994,2490.649902,1075.599976,77.25,1707.150024,18641.349609,169.600006,2367.5,40001.550781,17511.25
2023-02-24,1314.75,146.649994,2738.699951,1358.900024,6236.25,4442.549805,961.799988,4491.100098,3203.850098,1588.449951,483.0,2484.199951,1079.150024,77.349998,1697.300049,18664.0,171.0,2383.699951,39909.398438,17465.800781
2023-02-27,1194.199951,139.350006,2749.75,1358.25,6194.5,4388.25,950.200012,4421.0,3129.850098,1592.650024,489.0,2468.149902,1081.949951,76.849998,1725.949951,18626.5,172.399994,2367.850098,40307.101563,17392.699219
2023-02-28,1364.050049,146.300003,2829.5,1334.25,6112.100098,4461.75,906.400024,4316.600098,3104.600098,1601.25,488.600006,2460.649902,1077.699951,76.050003,1729.25,18657.949219,170.5,2322.550049,40269.050781,17303.949219
2023-03-01,1564.550049,153.600006,2841.399902,1344.599976,6154.850098,4379.799805,899.599976,4344.200195,3138.899902,1597.75,489.700012,2466.25,1100.449951,76.970001,1744.900024,18795.150391,172.25,2343.899902,40698.148438,17450.900391
2023-03-02,1606.699951,161.25,2833.550049,1343.400024,6083.0,4394.200195,886.450012,4390.600098,3123.050049,1584.650024,482.799988,2455.350098,1102.050049,77.910004,1721.699951,18489.900391,170.800003,2326.050049,40389.800781,17321.900391
2023-03-03,1879.349976,169.300003,2828.199951,1355.199951,6100.049805,4411.950195,878.650024,4437.950195,3129.350098,1615.550049,490.0,2471.0,1126.400024,78.230003,1751.0,18458.150391,172.600006,2385.399902,41251.351563,17594.349609
2023-03-06,1982.849976,177.75,2867.0,1381.400024,6134.850098,4319.850098,880.900024,4439.200195,3166.600098,1626.349976,490.399994,2484.850098,1120.599976,79.260002,1751.0,18517.849609,176.800003,2408.699951,41350.398438,17711.449219
